register_id,name,signin_number,occupation,addresses_road_id,addresses_road_name,addresses_start_street_number,addresses_end_street_number,addresses_neighborhood_id,addresses_neighborhood_name,addresses_district_id,addresses_district_name,addresses_zip_code,addresses_town,secondary_filters_name,geo_epgs_25831_x,geo_epgs_25831_y,geo_epgs_4326_lat,geo_epgs_4326_lon
﻿99400146096,Hotel Ronda Lesseps - HB-004338,HB-004338,112,33509,C Ballester,77,,28,Vallcarca i els Penitents,6,Gràcia,8023,BARCELONA,Hotels 4 estr.,428778.7307,4584483.794,41.40874705,2.1478693
﻿99400213595,Hotel Barceló Raval - HB-004337,HB-004337,372,701367,Rbla Raval,17,,1,el Raval,1,Ciutat Vella,8001,BARCELONA,Hotels 4 estr.,430553.6242,4581166.432,41.37902396,2.169483352
﻿99400338323,Hotel Catalonia Square - HB-004596,HB-004596,116,309406,Rda Sant Pere,9,,7,la Dreta de l'Eixample,2,Eixample,8010,BARCELONA,Hotels 4 estr.,430715.8254,4582228.145,41.38860046,2.171301534
﻿99400224453,Hotel SB Diagonal Zero - HB-004387,HB-004387,524,701281,Pl Llevant,1,,70,el Besòs i el Maresme,10,Sant Martí,8019,BARCELONA,Hotels 4 estr.,434756.2106,4584766.665,41.41180221,2.219350016
﻿99400225785,Hotel & Spa Villa Olimpic@ Suites - HB-004383,HB-004383,288,242906,C Pallars,121,,66,el Parc i la Llacuna del Poblenou,10,Sant Martí,8018,BARCELONA,Hotels 4 estr.,432480.556,4583171.176,41.39724415,2.192302061
﻿99400310247,Hotel Ibis Barcelona Plaça Glories 22 - HB-004372,HB-004372,294,148704,C Ciutat de Granada,99,,66,el Parc i la Llacuna del Poblenou,10,Sant Martí,8018,BARCELONA,Hotels 2 estr.,432655.9812,4583596.666,41.40109113,2.194353049
﻿99400408789,Hotel H10 Cubik - HB-004696,HB-004696,191,177101,Via Laietana,69,,2,el Barri Gòtic,1,Ciutat Vella,8003,BARCELONA,Hotels 4 estr.,430868.8249,4582170.013,41.38809005,2.173137992
﻿99400479833,Hotel Soho House -  HB-004750,HB-004750,114,106205,Pl Duc de Medinaceli,4,,2,el Barri Gòtic,1,Ciutat Vella,8002,BARCELONA,Hotels 5 estr.,431378.2762,4581097.45,41.3784734,2.179352288
﻿99400479842,Hotel Ibis Styles Barcelona City Bogatell - HB-004742,HB-004742,426,186703,C Llull,71,,66,el Parc i la Llacuna del Poblenou,10,Sant Martí,8005,BARCELONA,Hotels 2 estr.,432571.1652,4582889.896,41.39471835,2.193417187
﻿75990675216,Hotel HCC Montblanc - HB-004088,HB-004088,307,177101,Via Laietana,61,,2,el Barri Gòtic,1,Ciutat Vella,8003,BARCELONA,Hotels 3 estr.,430904.6526,4582133.285,41.38776234,2.173570664
﻿75990025172,Hotel Toledano - HB-000480,HB-000480,30,34308,C Rambla,138,,2,el Barri Gòtic,1,Ciutat Vella,8002,BARCELONA,Hotels 1 estr.,430656.744,4581844.702,41.38514182,2.170638831
﻿75990075998,Aparthotel Augusta - HB-003712,HB-003712,90,179708,C Lincoln,32,,27,el Putxet i el Farró,5,Sarrià-Sant Gervasi,8006,BARCELONA,Hotels 3 estr.,428808.9566,4583691.852,41.40161701,2.148324049
﻿99400649744,Hotel Kimpton Vividora - HB-004063,HB-004063,276,106409,C Duc,15,,2,el Barri Gòtic,1,Ciutat Vella,8002,BARCELONA,Hotels 5 estr.,430847.4632,4581796.311,41.38472239,2.172925171
﻿75990163036,Hotel Casa Pince- HB-000446,HB-000446,70,275803,Carrer d'en Rauric,10,10,2,el Barri Gòtic,1,Ciutat Vella,8002,Barcelona,Hotels 2 estr.,431020.365,4581400.198,41.38116957,2.17503799
﻿75990163984,Hotel Caledonian - HB-004002,HB-004002,98,169409,G.V. Corts Catalanes,574,,10,Sant Antoni,2,Eixample,8011,BARCELONA,Hotels 3 estr.,429921.6702,4581757.362,41.38429148,2.16185818
﻿75990047933,HCC Hotel St. Moritz - HB-003891,HB-003891,169,100800,Carrer de la Diputació,264,264,7,la Dreta de l'Eixample,2,Eixample,8007,Barcelona,Hotels 4 estr.,430456.442,4582508.994,41.3911076,2.168167154
﻿75990070505,Hotel Avenida Palace - HB-000016,HB-000016,274,169409,G.V. Corts Catalanes,605,,7,la Dreta de l'Eixample,2,Eixample,8007,BARCELONA,Hotels 4 estr.,430389.9315,4582287.693,41.38910866,2.167397114
﻿99400099587,Hotel Sagrada Família - HB-004201,HB-004201,141,90502,C Còrsega,541,,6,la Sagrada Família,2,Eixample,8025,BARCELONA,Hotels 3 estr.,430757.5256,4584149.712,41.40591098,2.171580512
﻿99400164652,Hotel Sunotel Aston - HB-004298,HB-004298,137,245802,C París,101,,9,la Nova Esquerra de l'Eixample,2,Eixample,8029,BARCELONA,Hotels 3 estr.,428720.9867,4582337.977,41.38941538,2.147431119
﻿75990054861,Hotel Rialto - HB-000026,HB-000026,370,122904,C Ferran,42,,2,el Barri Gòtic,1,Ciutat Vella,8002,BARCELONA,Hotels 3 estr.,431142.4334,4581503.718,41.3821124,2.176485959
﻿75990171211,Hotel Oriente Atiram - HB-000080,HB-000080,270,34308,C Rambla,45,,1,el Raval,1,Ciutat Vella,8002,BARCELONA,Hotels 3 estr.,430950.5583,4581250.33,41.37981376,2.174220296
﻿99400164421,Hotel ICON BCN by Petite Palace - HB-004309,HB-004309,67,176801,C Roger de Llúria,21,,7,la Dreta de l'Eixample,2,Eixample,8010,BARCELONA,Hotels 4 estr.,430733.5652,4582498.557,41.39103751,2.171482774
﻿75990348621,Hotel Ginebra - HB-002395,HB-002395,19,74506,Rbla Catalunya,1,,7,la Dreta de l'Eixample,2,Eixample,8007,BARCELONA,Hotels 1 estr.,430443.56,4582113.756,41.3875467,2.168058469
﻿75990168466,Hotel Acta City 47 - HB-003934,HB-003934,130,227800,C Nicaragua,47,,18,Sants,3,Sants-Montjuïc,8029,BARCELONA,Hotels 4 estr.,428156.6344,4581691.557,41.38354312,2.140758278
﻿1051101151,Hotel Front Maritim - HB-004149,HB-004149,235,700892,Pg Garcia Fària,69,,69,Diagonal Mar i el Front Marítim del Poblenou,10,Sant Martí,8019,BARCELONA,Hotels 4 estr.,434310.3941,4583911.563,41.4040642,2.214109066
﻿99400609201,Hotel The Barcelona Edition - HB-004837,HB-004837,200,132952,Av Francesc Cambó,14,,4,"Sant Pere, Santa Caterina i la Ribera",1,Ciutat Vella,8003,BARCELONA,Hotels 5 estr.,431252.2112,4581936.461,41.38601938,2.177749636
﻿99400717916,Hotel The Social Hub Barcelona Poblenou - HB-004982,HB-004982,450,94300,Carrer de Cristóbal de Moura,49,49,71,Provençals del Poblenou,10,Sant Martí,8019,Barcelona,Hotels 2 estr.,433525.798,4584566.019,41.40989422,2.204651369
﻿99400603507,Hotel  Almanac - HB-004806,HB-004806,184,169409,G.V. Corts Catalanes,619,,7,la Dreta de l'Eixample,2,Eixample,8007,BARCELONA,Hotels 5 estr.,430552.3149,4582446.586,41.39055379,2.169320961
﻿99400606221,Aparthotel Mayerling Abamita - HB-004726,HB-004726,18,28305,C Ausiàs Marc,25,,7,la Dreta de l'Eixample,2,Eixample,8010,BARCELONA,Hotels 2 estr.,431034.7792,4582503.16,41.39110485,2.175084805
﻿99400606253,Hotel Jaume I - HB-000371,HB-000371,67,164802,C Jaume I,11,,2,el Barri Gòtic,1,Ciutat Vella,8002,BARCELONA,Hotels 1 estr.,431260.9532,4581640.874,41.38335786,2.177887718
﻿99400646723,Hotel Praktik Èssens - HB-004857,HB-004857,74,148307,Pg Gràcia,24,,7,la Dreta de l'Eixample,2,Eixample,8007,BARCELONA,Hotels 2 estr.,430434.1291,4582408.85,41.3902037,2.167911791
﻿75990070915,Hotel El Palace - HB-000064,HB-000064,244,169409,G.V. Corts Catalanes,668,,7,la Dreta de l'Eixample,2,Eixample,8010,BARCELONA,Hotels 5 estr.,430742.4231,4582560.368,41.39159498,2.171581647
﻿75990076583,Hotel Derby - HB-002794,HB-002794,212,180900,C Loreto,21,,19,les Corts,4,Les Corts,8029,BARCELONA,Hotels 4 estr.,428266.1382,4582385.377,41.38980186,2.141985642
﻿99400328311,Hotel Sunotel Central - HB-004348,HB-004348,119,169409,G.V. Corts Catalanes,570,,10,Sant Antoni,2,Eixample,8011,BARCELONA,Hotels 4 estr.,429912.3123,4581747.747,41.38420407,2.161747383
﻿99400039799,Hotel Neri - HB-004130,HB-004130,44,311000,C Sant Sever,5,,2,el Barri Gòtic,1,Ciutat Vella,8002,BARCELONA,Hotels 5 estr.,431061.3911,4581628.319,41.38322771,2.175502641
﻿99400039253,Hotel Acta Atrium Palace - HB-004270,HB-004270,134,169409,G.V. Corts Catalanes,656,,7,la Dreta de l'Eixample,2,Eixample,8010,BARCELONA,Hotels 4 estr.,430669.5068,4582489.172,41.39094746,2.170717703
﻿99400401066,Hotel Boutique Hostemplo - HB-004686,HB-004686,28,142606,Ptge Gaiolà,19,,6,la Sagrada Família,2,Eixample,8013,BARCELONA,Hotels 3 estr.,430903.0113,4583630.374,41.40124599,2.173380217
﻿99400392741,Hotel Àmbit Barcelona - HB-004669,HB-004669,68,176801,C Roger de Llúria,17,,7,la Dreta de l'Eixample,2,Eixample,8010,BARCELONA,Hotels 4 estr.,430757.2559,4582474.306,41.39082113,2.17176889
﻿99400316646,Aparthotel Arai - HB-004508,HB-004508,64,29400,C Avinyó,30,,2,el Barri Gòtic,1,Ciutat Vella,8002,BARCELONA,Hotels 4 estr.,431213.2837,4581363.605,41.3808565,2.177349127
﻿99400308521,Hotel Catalonia Gran Via - HB-004524,HB-004524,121,169409,G.V. Corts Catalanes,550,,10,Sant Antoni,2,Eixample,8011,BARCELONA,Hotels 4 estr.,429799.8934,4581637.798,41.38320399,2.160415724
﻿99400310240,Hotel Dalia Ramblas - HB-004502,HB-004502,48,308505,C Sant Pau,22,,1,el Raval,1,Ciutat Vella,8001,BARCELONA,Hotels 3 estr.,430837.0604,4581290.741,41.38016798,2.17285847
﻿96297115038,Hotel Catalonia Park Güell - HB-003790,HB-003790,254,230000,Pg Mare de Déu del Coll,10,,29,el Coll,6,Gràcia,8023,BARCELONA,Hotels 3 estr.,428529.999,4585109.692,41.41436217,2.144819722
﻿99400152865,Hotel Advance - HB-004450,HB-004450,67,323203,C Sepúlveda,180,,10,Sant Antoni,2,Eixample,8011,BARCELONA,Hotels 4 estr.,430003.5444,4581651.174,41.38334221,2.162849569
﻿99400392720,Hotel AinB - HB-004507,HB-004507,11,223606,C Muntaner,4,,10,Sant Antoni,2,Eixample,8011,BARCELONA,Hotels 2 estr.,430020.7552,4581730.03,41.38405394,2.16304628
﻿99400392721,Hotel ByPillow Twenty - HB-004375,HB-004375,36,64706,C Cardenal Casañas,11,,2,el Barri Gòtic,1,Ciutat Vella,8002,BARCELONA,Hotels 3 estr.,430885.1969,4581492.995,41.38199376,2.173411024
﻿99400392725,Hotel Bcn Urban Gran Rosellon - HB-004681,HB-004681,120,289105,C Rosselló,174,,8,l'Antiga Esquerra de l'Eixample,2,Eixample,8036,BARCELONA,Hotels 4 estr.,429440.3017,4582636.76,41.39216984,2.155999145
﻿99400392728,Hotel Casa Maca Guest House 3 - HB-004639,HB-004639,8,49509,C Bruc,146,,7,la Dreta de l'Eixample,2,Eixample,8037,BARCELONA,Hotels 1 estr.,430261.0456,4583204.503,41.39735489,2.165750099
﻿99400069135,Hotel Evenia Rosselló - HB-004183,HB-004183,164,289105,C Rosselló,191,,8,l'Antiga Esquerra de l'Eixample,2,Eixample,8036,BARCELONA,Hotels 4 estr.,429355.8525,4582666.975,41.39243456,2.154985586
﻿99400078779,Hotel Silken Concordia - HB-004220,HB-004220,176,198804,Av Paral.lel,115,,11,el Poble-sec,3,Sants-Montjuïc,8004,BARCELONA,Hotels 4 estr.,429854.3001,4580708.129,41.37483551,2.161173955
﻿1026134324,Hotel Garbí Mil·lenni - HB-004157,HB-004157,82,308709,Rda Sant Pau,14,,1,el Raval,1,Ciutat Vella,8001,BARCELONA,Hotels 4 estr.,430340.2413,4580834.519,41.37601608,2.166969889
﻿2044131246,Hotel H10 Racó del Pi - HB-004164,HB-004164,63,256004,C Pi,7,,2,el Barri Gòtic,1,Ciutat Vella,8002,BARCELONA,Hotels 3 estr.,430931.9604,4581643.401,41.38335244,2.1739531
﻿75990175176,Hotel Catalonia Plaça Catalunya - HB-003846,HB-003846,257,357001,C Bergara,11,,7,la Dreta de l'Eixample,2,Eixample,8002,BARCELONA,Hotels 4 estr.,430474.5448,4581986.542,41.3864036,2.16844363
﻿99400319966,Hotel Catalonia Passeig de Gràcia - HB-004535,HB-004535,142,169409,G.V. Corts Catalanes,644,,7,la Dreta de l'Eixample,2,Eixample,8007,BARCELONA,Hotels 4 estr.,430582.7556,4582404.093,41.3901737,2.169689902
﻿99400272983,Hotel Laumon - HB-004459,HB-004459,42,216509,C Monlau,8,,61,la Sagrera,9,Sant Andreu,8027,BARCELONA,Hotels 3 estr.,432364.5556,4586057.763,41.42323302,2.190591894
﻿99400338333,BarcelonaGo Hotel & Apartments - HB-004599,HB-004599,37,178308,C Lepant,143,,5,el Fort Pienc,2,Eixample,8013,BARCELONA,Hotels 2 estr.,431826.6294,4583308.708,41.39842769,2.184464768
﻿99400321764,Hotel Holiday Inn Express Barcelona City 22@ - HB-004325,HB-004325,372,242906,C Pallars,203,,68,el Poblenou,10,Sant Martí,8005,BARCELONA,Hotels 3 estr.,432953.3693,4583648.472,41.40158259,2.197904676
﻿99400298330,Hotel Ofelias - HB-004547,HB-004547,88,184402,C Llança,24,,9,la Nova Esquerra de l'Eixample,2,Eixample,8015,BARCELONA,Hotels 4 estr.,428930.006,4580934.077,41.37678945,2.1500956
﻿99400328313,Hotel Sunotel Club Central - HB-004564,HB-004564,155,350308,C València,157,,8,l'Antiga Esquerra de l'Eixample,2,Eixample,8011,BARCELONA,Hotels 4 estr.,429507.7221,4582172.27,41.38799225,2.156859568
﻿99400355823,Hotel H Top BCN City - HB-003989,HB-003989,75,344101,Trav Gràcia,380,,33,el Baix Guinardó,7,Horta-Guinardó,8025,BARCELONA,Hotels 2 estr.,430899.0141,4584713.076,41.41099718,2.173208787
﻿75990024933,Hotel Cuatro Naciones - HB-000071,HB-000071,106,34308,C Rambla,40,,2,el Barri Gòtic,1,Ciutat Vella,8002,BARCELONA,Hotels 2 estr.,431029.5595,4581190.002,41.37927718,2.175171864
﻿75990025108,Hotel Royal Ramblas - HB-001934,HB-001934,226,34308,C Rambla,117,,1,el Raval,1,Ciutat Vella,8002,BARCELONA,Hotels 4 estr.,430651.3711,4581759.502,41.38437399,2.170584328
﻿75990025122,Hotel Lloret Ramblas - HB-000025,HB-000025,98,34308,C Rambla,125,,1,el Raval,1,Ciutat Vella,8002,BARCELONA,Hotels 1 estr.,430621.3534,4581813.309,41.38485602,2.170219189
﻿99400392183,We Boutique Hotel - HB-004623,HB-004623,12,309406,Rda Sant Pere,70,,7,la Dreta de l'Eixample,2,Eixample,8010,BARCELONA,Hotels 3 estr.,431357.9161,4582503.741,41.39113772,2.178949501
﻿75990080203,"Alexandra Barcelona, Curio Collection by Hilton Hotel - HB-003851",HB-003851,226,191204,C Mallorca,251,,7,la Dreta de l'Eixample,2,Eixample,8008,BARCELONA,Hotels 4 estr.,429905.1002,4582749.674,41.39322746,2.161545197
﻿75990097802,Hotel Trànsit - HB-003839,HB-003839,40,246703,C Rector Triadó,82,,15,Hostafrancs,3,Sants-Montjuïc,8014,BARCELONA,Hotels 1 estr.,428343.1157,4581095.523,41.37819149,2.143058821
﻿99400266306,Hotel Ohla - HB-004451,HB-004451,148,177101,Via Laietana,49,,2,el Barri Gòtic,1,Ciutat Vella,8003,BARCELONA,Hotels 5 estr.,430969.248,4582057.95,41.38708936,2.174351778
﻿75990156659,Hotel Acta Azul - HB-003944,HB-003944,90,169409,G.V. Corts Catalanes,327,,15,Hostafrancs,3,Sants-Montjuïc,8014,BARCELONA,Hotels 3 estr.,428582.3235,4580518.518,41.37301587,2.145987172
﻿75990098232,Hotel Renaissance Barcelona - HB-002836,HB-002836,422,247659,C Pau Claris,122,,7,la Dreta de l'Eixample,2,Eixample,8009,BARCELONA,Hotels 5 estr.,430383.7645,4582696.394,41.39278916,2.167276383
﻿75990115898,Hotel España - HB-000073,HB-000073,149,308505,C Sant Pau,9,,1,el Raval,1,Ciutat Vella,8001,BARCELONA,Hotels 4 estr.,430835.9554,4581270.077,41.37998177,2.172847615
﻿75990126586,Hotel Everest - HB-000839,HB-000839,34,344101,Trav Gràcia,441,,33,el Baix Guinardó,7,Horta-Guinardó,8025,BARCELONA,Hotels 1 estr.,430906.116,4584748.808,41.41131962,2.173289673
﻿75990281450,HCC Hotel Regente - HB-002057,HB-002057,143,74506,Rbla Catalunya,76,,7,la Dreta de l'Eixample,2,Eixample,8008,BARCELONA,Hotels 4 estr.,429958.1547,4582638.782,41.39223332,2.162192579
﻿75145812,Hotel Sansi Pedralbes - HB-004086,HB-004086,115,248108,Av Pearson,1,,21,Pedralbes,4,Les Corts,8034,BARCELONA,Hotels 4 estr.,425727.4087,4582843.735,41.39369967,2.111566934
﻿75990064948,Hotel Grupotel Gravina - HB-003865,HB-003865,142,150207,C Gravina,12,,1,el Raval,1,Ciutat Vella,8001,BARCELONA,Hotels 3 estr.,430254.9139,4581882.664,41.38544899,2.165828969
﻿75990070820,Gran Hotel Havana - HB-003916,HB-003916,290,169409,G.V. Corts Catalanes,647,,7,la Dreta de l'Eixample,2,Eixample,8010,BARCELONA,Hotels 4 estr.,430796.4635,4582686.134,41.39273237,2.172213612
﻿99400147440,BCN Urban Hotels Gran Ronda - HB-004557,HB-004557,114,296508,Rda Sant Antoni,49,,10,Sant Antoni,2,Eixample,8011,BARCELONA,Hotels 3 estr.,430059.3509,4581630.959,41.38316499,2.163519273
﻿99400098501,Hotel SB Icària Barcelona - HB-004247,HB-004247,298,62609,Av Icària,195,,67,la Vila Olímpica del Poblenou,10,Sant Martí,8005,BARCELONA,Hotels 4 estr.,433069.0914,4582755.428,41.39354882,2.199387675
﻿95192111342,Alimara Barcelona Hotel - HB-004010,HB-004010,312,41201,C Berruguete,126,,41,la Vall d'Hebron,7,Horta-Guinardó,8035,BARCELONA,Hotels 4 estr.,428762.8623,4587263.901,41.43378489,2.147351984
﻿99400202427,Hotel Casa Sagnier- HB-004374,HB-004374,93,74506,Rbla Catalunya,104,,7,la Dreta de l'Eixample,2,Eixample,8008,BARCELONA,Hotels 5 estr.,429746.6567,4582847.002,41.39409023,2.159638847
﻿75990037842,Hotel Mosaic -  HB-004802,HB-004802,93,74506,Rbla Catalunya,84,,7,la Dreta de l'Eixample,2,Eixample,8008,BARCELONA,Hotels 3 estr.,429909.3761,4582686.505,41.39265889,2.16160365
﻿99400695363,Hotel Antiga Casa Buenavista,HB-004976,86,296508,Ronda de Sant Antoni,84,84,1,el Raval,1,Ciutat Vella,8001,Barcelona,Hotels 4 estr.,430098.095,4581697.297,41.38376584,2.163974947
﻿99400022887,Hotel Catalonia Born - HB-004410,HB-004410,157,277004,C Rec Comtal,16,,4,"Sant Pere, Santa Caterina i la Ribera",1,Ciutat Vella,8003,BARCELONA,Hotels 4 estr.,431439.4403,4582351.359,41.38977222,2.179941792
﻿99400028000,Hotel Vilamarí - HB-004177,HB-004177,158,362001,C Vilamarí,34,,10,Sant Antoni,2,Eixample,8015,BARCELONA,Hotels 4 estr.,429127.1111,4580922.999,41.37670706,2.152453768
﻿96130114616,Hotel Roger de Lluria - HB-004097,HB-004097,87,176801,C Roger de Llúria,28,,7,la Dreta de l'Eixample,2,Eixample,8010,BARCELONA,Hotels 4 estr.,430758.1719,4582505.328,41.39110061,2.171776299
﻿99400596971,Hotel Le Palacete - HB-004768,HB-004768,20,177407,C Legalitat,10,,31,la Vila de Gràcia,6,Gràcia,8024,BARCELONA,Hotels 4 estr.,429756.0253,4584356.128,41.4076832,2.159575796
﻿99400040581,Hotel Pere IV - HB-004233,HB-004233,353,242906,C Pallars,128,,66,el Parc i la Llacuna del Poblenou,10,Sant Martí,8018,BARCELONA,Hotels 4 estr.,432487.629,4583147.72,41.39703349,2.192389278
﻿99400040588,Hotel Aranea - HB-004230,HB-004230,140,89004,C Consell de Cent,444,,5,el Fort Pienc,2,Eixample,8013,BARCELONA,Hotels 3 estr.,431100.9644,4583328.021,41.39853978,2.17578254
﻿99400735988,Hotel AC Victoria Suites - HB-003364,HB-003364,122,700084,Carrer de Beltrán i Rózpide,7,9,21,Pedralbes,4,Les Corts,8034,Barcelona,Hotels 4 estr.,426547.947,4582336.229,41.38920414,2.121442473
﻿99400678589,Hotel ME Barcelona - HB-004955,HB-004955,328,71600,Carrer de Casp,1,13,7,la Dreta de l'Eixample,2,Eixample,8010,Barcelona,Hotels 5 estr.,430607.1983,4582272.003,41.38898611,2.169997368
﻿99400605924,Hotel Upper Diagonal - HB-004716,HB-004716,78,193108,Pg Manuel Girona,7,,23,Sarrià,5,Sarrià-Sant Gervasi,8034,BARCELONA,Hotels 4 estr.,426567.7166,4582479.221,41.39049381,2.121661576
﻿92086026374,Aparthotel Mariano Cubí - HB-004326,HB-004326,134,196900,C Marià Cubí,62,,26,Sant Gervasi - Galvany,5,Sarrià-Sant Gervasi,8006,BARCELONA,Hotels 4 estr.,428897.6678,4583311.217,41.39819663,2.149429914
﻿99400575214,Hotel REC Barcelona - HB-004769,HB-004769,198,276908,C Rec,19,,4,"Sant Pere, Santa Caterina i la Ribera",1,Ciutat Vella,8003,BARCELONA,Hotels 3 estr.,431628.7716,4581947.616,41.38615194,2.182251744
﻿1080172434,Hotel Catalonia La Pedrera - HB-004094,HB-004094,128,90502,C Còrsega,368,,7,la Dreta de l'Eixample,2,Eixample,8037,BARCELONA,Hotels 4 estr.,429981.8653,4583358.929,41.3987215,2.162392897
﻿99400644065,Hotel Seventy - HB-004892,HB-004892,304,90502,C Còrsega,344,,7,la Dreta de l'Eixample,2,Eixample,8037,BARCELONA,Hotels 4 estr.,429904.741,4583282.718,41.39802837,2.1614792
﻿75990271849,Hotel Barcelona Apolo - HB-003988,HB-003988,614,198804,Av Paral·lel,57,,11,el Poble-sec,3,Sants-Montjuïc,8004,BARCELONA,Hotels 4 estr.,430620.3876,4580694.851,41.37478233,2.170335682
﻿75990144542,Hotel NH Collection Barcelona Pódium - HB-003985,HB-003985,280,31300,C Bailèn,4,,7,la Dreta de l'Eixample,2,Eixample,8010,BARCELONA,Hotels 4 estr.,431254.0851,4582572.421,41.39174744,2.177699872
﻿75990429825,Monument Hotel - HB-003797,HB-003797,210,148307,Pg Gràcia,75,,7,la Dreta de l'Eixample,2,Eixample,8008,BARCELONA,Hotels 4 estr.,429963.2836,4582829.139,41.39394824,2.162231909
﻿75990629889,Hotel Colors - HB-004117,HB-004117,45,58102,C Campoamor,79,,43,Horta,7,Horta-Guinardó,8031,BARCELONA,Hotels 1 estr.,429308.329,4587430.515,41.43533372,2.153860582
﻿99400366811,Hotel Praktik Vinoteca - HB-004628,HB-004628,128,32700,C Balmes,51,,8,l'Antiga Esquerra de l'Eixample,2,Eixample,8007,BARCELONA,Hotels 1 estr.,429975.1376,4582319.76,41.38936147,2.162432582
﻿99400392714,Aparthotel Casa Gràcia - HB-004672,HB-004672,60,148307,Pg Gràcia,114,,31,la Vila de Gràcia,6,Gràcia,8008,BARCELONA,Hotels 1 estr.,429724.5438,4583182.695,41.39711177,2.159335406
﻿99400392716,Hotel-Apartament Murmuri Residence - HB-004674,HB-004674,14,86006,Ptge Concepció,13,,7,la Dreta de l'Eixample,2,Eixample,8008,BARCELONA,Hotels 2 estr.,429777.4634,4582885.936,41.39444359,2.1600028
﻿99400392719,Hotel Acta Bcn 40 - HB-004468,HB-004468,66,167709,C Joaquín Costa,40,,1,el Raval,1,Ciutat Vella,8001,BARCELONA,Hotels 2 estr.,430248.0331,4581573.397,41.38266293,2.165782283
﻿99400392727,Hotel Brummel - HB-004668,HB-004668,35,86902,C Nou de la Rambla,174,,11,el Poble-sec,3,Sants-Montjuïc,8004,BARCELONA,Hotels 3 estr.,430294.5429,4580353.797,41.3716824,2.166478733
﻿75990711040,Hotel Spa Senator Barcelona - HB-004145,HB-004145,392,65200,C Cardenal Reig,11,,20,la Maternitat i Sant Ramon,4,Les Corts,8028,BARCELONA,Hotels 4 estr.,425899.6075,4580989.76,41.37701761,2.113853253
﻿99400236976,Hotel Mandarin Oriental Barcelona - HB-004403,HB-004403,240,148307,Pg Gràcia,38,,7,la Dreta de l'Eixample,2,Eixample,8007,BARCELONA,Hotels 5 estr.,430330.6181,4582521.117,41.39120589,2.166660892
﻿75990484617,Hotel Catalonia Sagrada Família - HB-003791,HB-003791,337,18505,C Aragó,569,,64,el Camp de l'Arpa del Clot,10,Sant Martí,8026,BARCELONA,Hotels 3 estr.,431880.2046,4584319.042,41.407532,2.184991911
﻿75990407878,Hotel Intercontinental Barcelona - HB-003940,HB-003940,546,284101,Avinguda de Rius i Taulet,1,,11,el Poble-sec,3,Sants-Montjuïc,8004,Barcelona,Hotels 4 estr.,429299.0855,4580480.018,41.3727324,2.154561805
﻿75990084349,Hotel Autohogar - HB-000022,HB-000022,276,198804,Av Paral·lel,64,,1,el Raval,1,Ciutat Vella,8001,BARCELONA,Hotels 3 estr.,430543.3024,4580740.505,41.37518687,2.169408733
﻿75990124952,Hotel NH Barcelona Stadium - HB-001969,HB-001969,185,343903,Trav Corts,150,,20,la Maternitat i Sant Ramon,4,Les Corts,8028,BARCELONA,Hotels 4 estr.,427012.0575,4581473.859,41.38147937,2.127096952
﻿75990100665,Hotel Banys Orientals - HB-004121,HB-004121,82,260103,C Argenteria,37,,4,"Sant Pere, Santa Caterina i la Ribera",1,Ciutat Vella,8003,BARCELONA,Hotels 3 estr.,431443.6024,4581688.16,41.38379933,2.18006662
﻿75990061694,Hotel Hilton Barcelona - HB-003892,HB-003892,580,144601,Av Diagonal,589,,19,les Corts,4,Les Corts,8014,BARCELONA,Hotels 4 estr.,427379.8328,4582296.645,41.38892316,2.131396273
﻿75990704606,Hotel Catalonia Barcelona Golf - HB-004084,HB-004084,65,344101,Trav Gràcia,72,,26,Sant Gervasi - Galvany,5,Sarrià-Sant Gervasi,8006,BARCELONA,Hotels 3 estr.,429062.4462,4583194.558,41.39716048,2.151414556
﻿75990117768,Hotel Catalunya - HB-000047,HB-000047,61,313006,C Santa Anna,24,,2,el Barri Gòtic,1,Ciutat Vella,8002,BARCELONA,Hotels 2 estr.,430750.3551,4581881.979,41.38548563,2.171754068
﻿75990167146,Hotel Ónix Fira - HB-003971,HB-003971,150,184402,C Llança,30,,9,la Nova Esquerra de l'Eixample,2,Eixample,8015,BARCELONA,Hotels 3 estr.,428909.2572,4580955.089,41.37697686,2.149845033
﻿75990112772,Hotel Sant Agustí - HB-000030,HB-000030,146,295902,Pl Sant Agustí,3,,1,el Raval,1,Ciutat Vella,8001,BARCELONA,Hotels 3 estr.,430733.0444,4581332.969,41.38053937,2.171609808
﻿75990225999,Hotel Hesperia Barcelona Presidente - HB-001911,HB-001911,301,144601,Av Diagonal,570,,26,Sant Gervasi - Galvany,5,Sarrià-Sant Gervasi,8021,BARCELONA,Hotels 4 estr.,428856.5573,4582861.241,41.39414023,2.148991044
﻿99400606137,Hotel Chi - HB-004736,HB-004736,96,169409,G.V. Corts Catalanes,455,,9,la Nova Esquerra de l'Eixample,2,Eixample,8015,BARCELONA,Hotels 3 estr.,429284.0965,4581205.502,41.37926528,2.154297948
﻿99400606216,Hotel Omnium - HB-004694,HB-004694,36,49509,C Bruc,42,,7,la Dreta de l'Eixample,2,Eixample,8010,BARCELONA,Hotels 2 estr.,430867.3248,4582584.579,41.39182379,2.173072736
﻿99400606274,Hotel chic&basic Zoo - HB-002223,HB-002223,28,201400,Pg Picasso,22,,4,"Sant Pere, Santa Caterina i la Ribera",1,Ciutat Vella,8003,BARCELONA,Hotels 1 estr.,431733.9325,4582051.142,41.3870933,2.183497725
﻿75990600025,Hotel Acta Splendid - HB-004050,HB-004050,78,223606,C Muntaner,2,,10,Sant Antoni,2,Eixample,8011,BARCELONA,Hotels 3 estr.,430020.7552,4581730.03,41.38405394,2.16304628
﻿97274121355,Hotel  HG City Suites Barcelona - HB-003821,HB-003821,116,28000,Via Augusta,89,,26,Sant Gervasi - Galvany,5,Sarrià-Sant Gervasi,8006,BARCELONA,Hotels 4 estr.,428950.7532,4583607,41.40086532,2.150030177
﻿99400328315,Hotel H10 Port Vell - HB-004568,HB-004568,108,247105,Pas Sota Muralla,9,,4,"Sant Pere, Santa Caterina i la Ribera",1,Ciutat Vella,8003,BARCELONA,Hotels 4 estr.,431757.6544,4581440.781,41.38159796,2.183850171
﻿75990490809,Hotel Gótico - HB-001219,HB-001219,149,164802,C Jaume I,14,,2,el Barri Gòtic,1,Ciutat Vella,8002,BARCELONA,Hotels 4 estr.,431290.1949,4581655.47,41.38349182,2.178235757
﻿75990535990,Hotel Travessera - HB-002043,HB-002043,22,344000,Trav Dalt,121,,30,la Salut,6,Gràcia,8024,BARCELONA,Hotels 2 estr.,429711.2096,4584871.883,41.41232449,2.158979751
﻿99400266312,Leonardo Boutique Hotel Barcelona Sagrada Familia- HB-004455,HB-004455,117,191204,C Mallorca,606,,64,el Camp de l'Arpa del Clot,10,Sant Martí,8026,BARCELONA,Hotels 3 estr.,431939.791,4584709.476,41.41105356,2.18566084
﻿75990537792,BCN Urban Hotels del Comte - HB-004038,HB-004038,70,100800,C Diputació,142,,9,la Nova Esquerra de l'Eixample,2,Eixample,8015,BARCELONA,Hotels 2 estr.,429514.9402,4581587.475,41.38272583,2.157013927
﻿99400118643,Hotel Barcelona Condal Mar by Meliá - HB-004378,HB-004378,356,94300,C Cristóbal de Moura,138,,71,Provençals del Poblenou,10,Sant Martí,8019,BARCELONA,Hotels 4 estr.,433900.8009,4584871.431,41.41267592,2.209104417
﻿75990281448,Hotel Marina Folch - HB-002644,HB-002644,19,194202,C Mar,16,,3,la Barceloneta,1,Ciutat Vella,8003,BARCELONA,Hotels 1 estr.,432061.1525,4581351.45,41.38081907,2.187489544
﻿75990281449,Arenas Atiram Hotel - HB-003272,HB-003272,110,62507,C Capità Arenas,20,,21,Pedralbes,4,Les Corts,8034,BARCELONA,Hotels 4 estr.,426951.6989,4582470.247,41.39044795,2.126255034
﻿75990068324,Hotel Prisma - HB-000114,HB-000114,70,162002,Av Josep Tarradellas,119,,19,les Corts,4,Les Corts,8029,BARCELONA,Hotels 2 estr.,428349.6784,4582311.904,41.38914756,2.142993456
﻿1026133729,Euro Hotel Barcelona Diagonal Port - HB-004195,HB-004195,230,180401,Carrer de Lope de Vega,4,4,69,Diagonal Mar i el Front Marítim del Poblenou,10,Sant Martí,8005,Barcelona,Hotels 4 estr.,433865.9965,4583539.919,41.40068047,2.208833512
﻿273135303,Abba Sants Hotel - HB-004078,HB-004078,265,231502,C Numància,32,,18,Sants,3,Sants-Montjuïc,8029,BARCELONA,Hotels 4 estr.,428095.331,4581587.383,41.38259938,2.140037535
﻿99400319971,Hotel The Level at Melia Barcelona Sky - HB-004532,HB-004532,198,180401,C Lope de Vega,141,,68,el Poblenou,10,Sant Martí,8005,BARCELONA,Hotels 5 estr.,433218.5157,4584163.94,41.40624734,2.201019519
﻿2042134715,Eurostars Grand Marina Hotel - HB-004155,HB-004155,576,540416,Moll Barcelona,,,1,el Raval,1,Ciutat Vella,8039,BARCELONA,Hotels 5 estr.,431432.6828,4580484.45,41.37295692,2.180072214
﻿75990012326,Hotel Ronda House - HB-003882,HB-003882,147,299700,C Sant Erasme,19,,1,el Raval,1,Ciutat Vella,8001,BARCELONA,Hotels 3 estr.,430102.0865,4581420.467,41.38127288,2.164054614
﻿99400209539,Hotel Eurostars BCN Design - HB-004437,HB-004437,124,148307,Pg Gràcia,29,,7,la Dreta de l'Eixample,2,Eixample,8007,BARCELONA,Hotels 5 estr.,430281.8605,4582479.683,41.39082849,2.166082515
﻿99400182454,Hotel Room Mate Carla - HB-004376,HB-004376,155,191204,C Mallorca,288,,7,la Dreta de l'Eixample,2,Eixample,8037,BARCELONA,Hotels 4 estr.,430289.0133,4583095.763,41.39637793,2.166097147
﻿75990038308,Hotel Lamaro - HB-000049,HB-000049,252,74801,Av Catedral,7,,2,el Barri Gòtic,1,Ciutat Vella,8002,BARCELONA,Hotels 5 estr.,431083.1919,4581814.835,41.38490946,2.175742135
﻿75990059728,Hotel NH Barcelona Barri Gòtic - HB-000329,HB-000329,115,144204,C Ample,31,,2,el Barri Gòtic,1,Ciutat Vella,8002,BARCELONA,Hotels 3 estr.,431428.5356,4581317.801,41.38046233,2.17992835
﻿75990025139,Hotel Rívoli Ramblas - HB-003878,HB-003878,241,34308,C Rambla,128,,2,el Barri Gòtic,1,Ciutat Vella,8002,BARCELONA,Hotels 4 estr.,430700.6946,4581752.552,41.38431564,2.171174978
﻿99400284231,Hotel NH Diagonal Center - HB-004466,HB-004466,258,4908,C Àlaba,94,,66,el Parc i la Llacuna del Poblenou,10,Sant Martí,8018,BARCELONA,Hotels 3 estr.,432469.4671,4583250.871,41.39796101,2.192160535
﻿99400098395,Sercotel Ámister Art Hotel - HB-004243,HB-004243,118,287201,Av Roma,93,,9,la Nova Esquerra de l'Eixample,2,Eixample,8029,BARCELONA,Hotels 4 estr.,429055.2466,4581773.189,41.38435809,2.151494923
﻿99400450169,Hotel Bestprice Gracia - HB-004719,HB-004719,49,201104,C Martí,122,,32,el Camp d'en Grassot i Gràcia Nova,6,Gràcia,8024,BARCELONA,Hotels 1 estr.,429865.5422,4584584.779,41.40975214,2.16085946
﻿99400343857,Hotel Vincci Gala - HB-004592,HB-004592,156,309406,Rda Sant Pere,32,,7,la Dreta de l'Eixample,2,Eixample,8010,BARCELONA,Hotels 4 estr.,431006.4995,4582333.355,41.38957304,2.174765918
﻿99400343859,Hotel H10 Urquinaona Plaza - HB-004591,HB-004591,140,232902,Pl Urquinaona,2,,7,la Dreta de l'Eixample,2,Eixample,8010,BARCELONA,Hotels 4 estr.,430824.0483,4582296.704,41.38922727,2.172588015
﻿99400298333,Hotel Borneta - HB-004579,HB-004579,161,201400,Pg Picasso,26,,4,"Sant Pere, Santa Caterina i la Ribera",1,Ciutat Vella,8003,BARCELONA,Hotels 4 estr.,431783.364,4582000.717,41.38664333,2.184094575
﻿99400298390,Musik Boutique Hotel - HB-004538,HB-004538,36,31707,C Sant Pere Més Baix,62,,4,"Sant Pere, Santa Caterina i la Ribera",1,Ciutat Vella,8003,BARCELONA,Hotels 3 estr.,431310.4246,4582160.816,41.38804505,2.178420384
﻿99400264622,Hotel-Apartament República - HB-004493,HB-004493,26,270901,C Pujades,120,,68,el Poblenou,10,Sant Martí,8005,BARCELONA,Hotels 4 estr.,432778.2141,4583240.039,41.39788932,2.195854798
﻿75990064357,Hotel Paseo de Gracia - HB-003252,HB-003252,62,148307,Pg Gràcia,102,,7,la Dreta de l'Eixample,2,Eixample,8008,BARCELONA,Hotels 1 estr.,429864.1605,4583030.357,41.3957519,2.161023032
﻿75990059078,Hotel Lyon - HB-000859,HB-000859,19,143405,C General Castaños,6,,4,"Sant Pere, Santa Caterina i la Ribera",1,Ciutat Vella,8003,BARCELONA,Hotels 1 estr.,431836.0316,4581620.129,41.38321994,2.184767263
﻿99400200593,Abac restaurant & hotel - HB-004321,HB-004321,30,101008,Av Tibidabo,1,,25,Sant Gervasi - la Bonanova,5,Sarrià-Sant Gervasi,8022,BARCELONA,Hotels 5 estr.,427833.8749,4584708.563,41.41068717,2.136538939
﻿99400319161,Hotel Grupotel Gran Via 678 - HB-004421,HB-004421,175,169409,G.V. Corts Catalanes,678,,7,la Dreta de l'Eixample,2,Eixample,8010,BARCELONA,Hotels 4 estr.,430842.0931,4582657.622,41.3924795,2.172762617
﻿99400392568,Aparthotel Allada - HB-004657,HB-004657,28,12906,C Allada-Vermell,6,,4,"Sant Pere, Santa Caterina i la Ribera",1,Ciutat Vella,8003,BARCELONA,Hotels 3 estr.,431501.1348,4582037.933,41.38695453,2.180715093
﻿99400392718,Hotel Denit - HB-004393,HB-004393,63,117507,C Estruc,24,,2,el Barri Gòtic,1,Ciutat Vella,8002,BARCELONA,Hotels 3 estr.,430821.8574,4582053.153,41.38703349,2.172589625
﻿99400392723,Hotel Colonial Barcelona - HB-004377,HB-004377,161,177101,Via Laietana,3,,2,el Barri Gòtic,1,Ciutat Vella,8003,BARCELONA,Hotels 4 estr.,431493.817,4581531.365,41.38239141,2.180684853
﻿99400392724,Hotel Barcelona House - HB-004499,HB-004499,102,112208,C Escudellers,19,,2,el Barri Gòtic,1,Ciutat Vella,8002,BARCELONA,Hotels 3 estr.,431111.5467,4581208.597,41.37945168,2.17615015
﻿99400037674,Hotel AC Irla - HB-004304,HB-004304,63,55603,C Calvet,40,,26,Sant Gervasi - Galvany,5,Sarrià-Sant Gervasi,8021,BARCELONA,Hotels 4 estr.,428397.6428,4582943.884,41.39484384,2.143492381
﻿99400628911,Hotel Exe Plaza Catalunya- HB-004828,HB-004828,193,349309,Rda Universitat,18,,7,la Dreta de l'Eixample,2,Eixample,8007,BARCELONA,Hotels 5 estr.,430393.0426,4582035.77,41.38683994,2.167463268
﻿99400605928,Hotel Well & Come - HB-004731,HB-004731,78,145003,C Girona,158,,7,la Dreta de l'Eixample,2,Eixample,8037,BARCELONA,Hotels 4 estr.,430251.5186,4583405.582,41.39916512,2.165612981
﻿99400606200,Hotel chic&basic Lemon - HB-004087,HB-004087,56,250904,C Pelai,6,,1,el Raval,1,Ciutat Vella,8001,BARCELONA,Hotels 2 estr.,430197.4635,4581923.661,41.38581326,2.165137192
﻿99400606218,Hotel Boutique Serennia Exclusive Rooms - HB-004704,HB-004704,8,349309,Rda Universitat,9,,7,la Dreta de l'Eixample,2,Eixample,8007,BARCELONA,Hotels 2 estr.,430226.3532,4581990.301,41.38641597,2.165475013
﻿98033093029,Hotel Catalonia Mikado - HB-003754,HB-003754,134,44709,Pg Bonanova,58,,25,Sant Gervasi - la Bonanova,5,Sarrià-Sant Gervasi,8017,BARCELONA,Hotels 3 estr.,427038.9468,4583889.98,41.40324279,2.127127436
﻿75990600139,Hotel Flor Parks - HB-004026,HB-004026,37,34308,C Rambla,70,,2,el Barri Gòtic,1,Ciutat Vella,8002,BARCELONA,Hotels 3 estr.,430928.5675,4581352.282,41.38073013,2.173945709
﻿92168172260,Hotel Inglés - HB-000034,HB-000034,44,45508,C Boqueria,19,,2,el Barri Gòtic,1,Ciutat Vella,8002,BARCELONA,Hotels 1 estr.,430932.5484,4581437.446,41.38149752,2.173983607
﻿99400319157,Hotel Royal Passeig de Gràcia - HB-004545,HB-004545,248,148307,Pg Gràcia,84,,7,la Dreta de l'Eixample,2,Eixample,8008,BARCELONA,Hotels 4 estr.,429982.0954,4582901.612,41.39460262,2.16244853
﻿99400096617,Hotel Acevi Villarroel - HB-004189,HB-004189,168,363809,C Villarroel,106,,8,l'Antiga Esquerra de l'Eixample,2,Eixample,8011,BARCELONA,Hotels 4 estr.,429498.8063,4581880.704,41.38536543,2.156786869
﻿99400092475,Hotel Miramar - HB-004370,HB-004370,150,66600,Pl Carlos Ibáñez,3,,11,el Poble-sec,3,Sants-Montjuïc,8038,BARCELONA,Hotels 5 estr.,430674.2152,4580254.998,41.37082534,2.171029604
﻿99400095793,Hotel NH La Maquinista - HB-004210,HB-004210,180,701321,C Sao Paulo,33,,59,el Bon Pastor,9,Sant Andreu,8030,BARCELONA,Hotels 3 estr.,433156.9345,4587833.938,41.43929678,2.199877158
﻿99400101190,Hotel SERHS del Port - HB-004303,HB-004303,77,198804,Av Paral·lel,40,,1,el Raval,1,Ciutat Vella,8001,BARCELONA,Hotels 3 estr.,430800.8949,4580720.036,41.37502471,2.172491156
﻿99400063429,Hotel Melia Barcelona Sky - HB-004358,HB-004358,318,249304,C Pere IV,272,,68,el Poblenou,10,Sant Martí,8005,BARCELONA,Hotels 4 estr.,433186.401,4584168.772,41.40628819,2.200634798
﻿99400120573,Hotel Eurostars Monumental - HB-004478,HB-004478,79,89004,C Consell de Cent,498,,5,el Fort Pienc,2,Eixample,8013,BARCELONA,Hotels 4 estr.,431336.8651,4583558.38,41.40063473,2.178578141
﻿75990359062,Hotel Roma Reial - HB-000063,HB-000063,95,276001,Pl Reial,11,,2,el Barri Gòtic,1,Ciutat Vella,8002,BARCELONA,Hotels 1 estr.,431084.739,4581279.102,41.38008441,2.175821566
﻿75990217496,Hotel Boutique La Pau - HB-001855,HB-001855,65,169307,C Josep Anselm Clavé,17,,2,el Barri Gòtic,1,Ciutat Vella,8002,BARCELONA,Hotels 4 estr.,431264.3233,4580995.891,41.37754897,2.178001177
﻿99400098394,Hotel Zenit Borrell - HB-004214,HB-004214,101,87009,C Comte Borrell,208,,9,la Nova Esquerra de l'Eixample,2,Eixample,8029,BARCELONA,Hotels 4 estr.,429052.8616,4581954.787,41.38599347,2.151445136
﻿75990272390,Hotel Internacional Rambla Atiram - HB-000035,HB-000035,92,34308,C Rambla,78,,2,el Barri Gòtic,1,Ciutat Vella,8002,BARCELONA,Hotels 1 estr.,430899.4938,4581396.305,41.38112413,2.173593019
﻿75990272392,Hotel Catalonia Atenas - HB-003809,HB-003809,356,209900,Av Meridiana,151,,64,el Camp de l'Arpa del Clot,10,Sant Martí,8026,BARCELONA,Hotels 4 estr.,432016.5242,4584702.394,41.41099627,2.186579659
﻿75990099366,Hotel Pelayo - HB-003847,HB-003847,22,250904,C Pelai,9,,7,la Dreta de l'Eixample,2,Eixample,8001,BARCELONA,Hotels 1 estr.,430315.4663,4581930.527,41.38588533,2.166547614
﻿75990099439,Hotel Lleó - HB-000088,HB-000088,175,250904,C Pelai,22,,1,el Raval,1,Ciutat Vella,8001,BARCELONA,Hotels 3 estr.,430307.5184,4581909.465,41.38569494,2.166454987
﻿75990493577,Hotel Urquinaona - HB-001950,HB-001950,31,309406,Rda Sant Pere,24,,7,la Dreta de l'Eixample,2,Eixample,8010,BARCELONA,Hotels 1 estr.,430955.26,4582308.548,41.38934521,2.174155929
﻿99400158440,Hotel Olivia Plaza - HB-004389,HB-004389,218,74404,Pl Catalunya,19,,2,el Barri Gòtic,1,Ciutat Vella,8002,BARCELONA,Hotels 4 estr.,430689.7427,4581970.257,41.3862755,2.1710191
﻿99400096209,Hotel Serhs Carlit - HB-004160,HB-004160,71,100800,C Diputació,383,,7,la Dreta de l'Eixample,2,Eixample,8013,BARCELONA,Hotels 3 estr.,431106.2564,4583175.701,41.39716834,2.175863172
﻿99400103432,H10 Universitat - HB-004211,HB-004211,156,349309,Rda Universitat,21,,7,la Dreta de l'Eixample,2,Eixample,8007,BARCELONA,Hotels 4 estr.,430324.4762,4582037.962,41.38685375,2.166643009
﻿92168172178,Hotel Catalonia Castellnou - HB-003785,HB-003785,59,72908,C Castellnou,61,,24,les Tres Torres,5,Sarrià-Sant Gervasi,8017,BARCELONA,Hotels 3 estr.,427157.3958,4583139.28,41.3964923,2.12863467
﻿99400164376,Hotel Petit Palace Boqueria Garden - HB-004310,HB-004310,189,45508,C Boqueria,10,,2,el Barri Gòtic,1,Ciutat Vella,8002,BARCELONA,Hotels 4 estr.,430930.3055,4581429.06,41.3814218,2.173957741
﻿99400164419,Hotel Petit Palace Museum - HB-004308,HB-004308,122,100800,C Diputació,250,,7,la Dreta de l'Eixample,2,Eixample,8007,BARCELONA,Hotels 4 estr.,430210.6303,4582268.822,41.38892315,2.165254892
﻿99400164682,Hotel Ciutat de Barcelona - HB-004456,HB-004456,147,266904,C Princesa,33,,4,"Sant Pere, Santa Caterina i la Ribera",1,Ciutat Vella,8003,BARCELONA,Hotels 3 estr.,431528.0505,4581921.559,41.38590868,2.181050142
﻿75990331548,Hotel NH Barcelona Eixample - HB-003860,HB-003860,149,350308,C València,105,,8,l'Antiga Esquerra de l'Eixample,2,Eixample,8011,BARCELONA,Hotels 3 estr.,429287.0943,4581956.595,41.38603038,2.154246144
﻿99400173600,Hotel NH Collection Constanza - HB-004287,HB-004287,618,100107,C Deu i Mata,69,,19,les Corts,4,Les Corts,8029,BARCELONA,Hotels 4 estr.,427790.5438,4582293.766,41.3889342,2.136308559
﻿75990167587,Hotel Silken Ramblas - HB-003951,HB-003951,210,256605,C Pintor Fortuny,13,,1,el Raval,1,Ciutat Vella,8001,BARCELONA,Hotels 4 estr.,430603.8806,4581608.052,41.38300583,2.170033741
﻿75990112160,Hotel Regencia Colón - HB-000023,HB-000023,95,292700,C Sagristans,13,,2,el Barri Gòtic,1,Ciutat Vella,8002,BARCELONA,Hotels 3 estr.,431076.4469,4581865.629,41.38536637,2.175655693
﻿75990359936,Hotel Cantón - HB-002816,HB-002816,80,231207,C Nou de Sant Francesc,40,,2,el Barri Gòtic,1,Ciutat Vella,8002,BARCELONA,Hotels 1 estr.,431270.8132,4581105.68,41.37853836,2.178066331
﻿75990533427,Hotel Catalonia Portal de l'Àngel - HB-004036,HB-004036,159,268808,Av Portal de l'Àngel,17,,2,el Barri Gòtic,1,Ciutat Vella,8002,BARCELONA,Hotels 3 estr.,430851.1351,4581894.174,41.38560413,2.172957914
﻿75990534460,Angli-78 Hotel-Apartament - HB-004025,HB-004025,22,16907,C Anglí,78,,23,Sarrià,5,Sarrià-Sant Gervasi,8017,BARCELONA,Hotels 2 estr.,426585.1961,4584047.038,41.40461603,2.121680533
﻿99400155935,Hotel Wilson Boutique- HB-002460,HB-002460,95,144601,Av Diagonal,568,,26,Sant Gervasi - Galvany,5,Sarrià-Sant Gervasi,8021,BARCELONA,Hotels 4 estr.,428943.2705,4582888.918,41.39439717,2.150024939
﻿99154123757,Midmost Hotel - HB-004058,HB-004058,98,250904,C Pelai,14,,1,el Raval,1,Ciutat Vella,8001,BARCELONA,Hotels 4 estr.,430265.4988,4581914.937,41.38574059,2.16595184
﻿99400157008,Hotel Husa L'Illa - HB-003973,HB-003973,204,144601,Av Diagonal,555,,19,les Corts,4,Les Corts,8029,BARCELONA,Hotels 4 estr.,427715.1435,4582384.607,41.3897456,2.135395961
﻿99400159336,Hotel Market - HB-004360,HB-004360,36,296701,Ptge Sant Antoni Abat,10,,10,Sant Antoni,2,Eixample,8015,BARCELONA,Hotels 3 estr.,429809.7234,4581199.654,41.37925863,2.160584026
﻿99400096033,Nobu Hotel Barcelona - HB-004350,HB-004350,518,287201,Av Roma,2,,15,Hostafrancs,3,Sants-Montjuïc,8014,BARCELONA,Hotels 5 estr.,428290.2522,4581270.945,41.37976674,2.14240594
﻿2087103456,Hotel Continental Palacete - HB-004102,HB-004102,24,74506,Rbla Catalunya,30,,7,la Dreta de l'Eixample,2,Eixample,8007,BARCELONA,Hotels 3 estr.,430239.022,4582361.282,41.38975838,2.1655838
﻿99400075604,Hotel Jazz - HB-004227,HB-004227,216,250904,C Pelai,3,,7,la Dreta de l'Eixample,2,Eixample,8001,BARCELONA,Hotels 3 estr.,430259.0309,4581937.675,41.38594482,2.165871871
﻿75990149426,Hotel California - HB-000101,HB-000101,47,275803,C Rauric,14,,2,el Barri Gòtic,1,Ciutat Vella,8002,BARCELONA,Hotels 3 estr.,431043.8994,4581380.196,41.38099143,2.175321698
﻿75990079989,Hotel Balmes - HB-003888,HB-003888,196,191204,C Mallorca,216,,8,l'Antiga Esquerra de l'Eixample,2,Eixample,8008,BARCELONA,Hotels 4 estr.,429709.7901,4582527.251,41.39120713,2.15923501
﻿99400174636,Hotel H10 Casanova - HB-004363,HB-004363,241,169409,G.V. Corts Catalanes,559,,8,l'Antiga Esquerra de l'Eixample,2,Eixample,8011,BARCELONA,Hotels 4 estr.,429844.6709,4581754.31,41.38425728,2.160937712
﻿99400392731,Hotel Catalonia Avinyó - HB-004430,HB-004430,145,178002,C Lleona,12,,2,el Barri Gòtic,1,Ciutat Vella,8002,BARCELONA,Hotels 3 estr.,431123.3786,4581397.134,41.38115079,2.176270207
﻿99400392735,Hotel Casa Maca Guest House - HB-004641,HB-004641,8,49509,C Bruc,146,,7,la Dreta de l'Eixample,2,Eixample,8037,BARCELONA,Hotels 1 estr.,430261.0456,4583204.503,41.39735489,2.165750099
﻿99400288642,Hotel Mímic - HB-004463,HB-004463,138,21306,C Arc del Teatre,58,,1,el Raval,1,Ciutat Vella,8001,BARCELONA,Hotels 2 estr.,430841.2105,4580776.622,41.37553782,2.172966761
﻿99400068262,Hotel Sir Victor - HB-004273,HB-004273,182,289105,C Rosselló,265,,7,la Dreta de l'Eixample,2,Eixample,8008,BARCELONA,Hotels 5 estr.,429861.6445,4583083.102,41.39622674,2.160986829
﻿99400218756,Capri by Fraser Hotel Residences - HB-004373,HB-004373,194,311703,C Sancho de Ávila,32,,66,el Parc i la Llacuna del Poblenou,10,Sant Martí,8018,BARCELONA,Hotels 4 estr.,432195.4358,4583230.698,41.39775626,2.188884986
﻿99400196004,Hotel Indigo Barcelona Gran Via Plaza España - HB-004314,HB-004314,360,169409,Gran Via de les Corts Catalanes,322,324,14,la Font de la Guatlla,3,Sants-Montjuïc,8004,Barcelona,Hotels 4 estr.,428691.039,4580550.827,41.37331651,2.147283254
﻿99400294614,Hotel Catalonia Catedral - HB-004515,HB-004515,128,21601,C Arcs,10,,2,el Barri Gòtic,1,Ciutat Vella,8002,BARCELONA,Hotels 4 estr.,430977.0119,4581796.293,41.38473336,2.174474441
﻿99400288636,Hotel Eurostars Ramblas - HB-004555,HB-004555,110,34308,C la Rambla,22,,2,el Barri Gòtic,1,Ciutat Vella,8002,BARCELONA,Hotels 4 estr.,431115.8447,4581060.866,41.37812148,2.176218337
﻿99400275751,Hotel Catalonia Port - HB-004432,HB-004432,82,144204,C Ample,1,,2,el Barri Gòtic,1,Ciutat Vella,8002,BARCELONA,Hotels 4 estr.,431328.7446,4581130.433,41.37876625,2.178756261
﻿99400288640,Hotel DO: Plaça Reial - HB-004530,HB-004530,34,276001,Pl Reial,1,,2,el Barri Gòtic,1,Ciutat Vella,8002,BARCELONA,Hotels 5 estr.,431007.1667,4581275.904,41.38004896,2.174894312
﻿99400328305,Hotel Olivia Balmes - HB-004607,HB-004607,256,32700,C Balmes,117,,8,l'Antiga Esquerra de l'Eixample,2,Eixample,8008,BARCELONA,Hotels 4 estr.,429666.2165,4582636.166,41.39218428,2.158701217
﻿99400248685,Hotel Alma Barcelona - HB-004465,HB-004465,144,191204,C Mallorca,269,,7,la Dreta de l'Eixample,2,Eixample,8008,BARCELONA,Hotels 5 estr.,430051.3227,4582893.506,41.39453563,2.163277477
﻿99400171714,Hotel Villa Emilia by Katja & Antoine - HB-004329,HB-004329,106,54509,C Calàbria,115,,9,la Nova Esquerra de l'Eixample,2,Eixample,8015,BARCELONA,Hotels 4 estr.,429269.9336,4581318.792,41.3802844,2.154115368
﻿99400000414,Hotel Annex - HB-000947,HB-000947,12,164802,C Jaume I,8,,2,el Barri Gòtic,1,Ciutat Vella,8002,BARCELONA,Hotels 1 estr.,431264.8992,4581629.667,41.38325726,2.177936178
﻿99400103106,Hotel 1898 - HB-004349,HB-004349,329,34308,C Rambla,109,,1,el Raval,1,Ciutat Vella,8002,BARCELONA,Hotels 4 estr.,430702.1796,4581664.153,41.38351959,2.171202847
﻿99400370529,Hotel The Serras - HB-004647,HB-004647,56,82901,Pg Colom,9,,2,el Barri Gòtic,1,Ciutat Vella,8002,BARCELONA,Hotels 5 estr.,431504.8509,4581287.18,41.38019304,2.180844404
﻿99400046259,Hotel Sansi Diputació - HB-004194,HB-004194,97,100800,C Diputació,234,,7,la Dreta de l'Eixample,2,Eixample,8007,BARCELONA,Hotels 4 estr.,430147.0299,4582206.555,41.38835681,2.164501431
﻿99400196091,Ayre Hotel Caspe - HB-004182,HB-004182,282,71600,C Casp,103,,5,el Fort Pienc,2,Eixample,8013,BARCELONA,Hotels 4 estr.,431407.5935,4583054.9,41.39610608,2.179481225
﻿99400264485,Hotel The Mirror Barcelona - HB-004490,HB-004490,126,90502,C Còrsega,255,,8,l'Antiga Esquerra de l'Eixample,2,Eixample,8036,BARCELONA,Hotels 4 estr.,429319.6208,4582737.795,41.39306923,2.154543979
﻿75990490806,Hotel Santa Marta - HB-000495,HB-000495,108,143405,C General Castaños,14,,4,"Sant Pere, Santa Caterina i la Ribera",1,Ciutat Vella,8003,BARCELONA,Hotels 2 estr.,431869.3943,4581671.122,41.38368205,2.185160504
﻿75990342094,Hotel Glòries - HB-004012,HB-004012,94,238400,C Padilla,173,,5,el Fort Pienc,2,Eixample,8013,BARCELONA,Hotels 3 estr.,431706.3845,4583614.012,41.40116727,2.182992019
﻿92164150624,Hotel Barceló Sants - HB-003954,HB-003954,754,700445,Pl Països Catalans,,,18,Sants,3,Sants-Montjuïc,8014,BARCELONA,Hotels 4 estr.,428157.2395,4581248.972,41.37955697,2.140817986
﻿99400551032,Hotel Grand Hyatt Barcelona - HB-003487,HB-003487,869,244300,Pl Pius XII,4,,20,la Maternitat i Sant Ramon,4,Les Corts,8028,BARCELONA,Hotels 5 estr.,426685.8346,4582041.206,41.38655957,2.123127261
﻿99400252475,Hotel 4 Barcelona - HB-004552,HB-004552,261,367504,C Doctor Trueta,164,,68,el Poblenou,10,Sant Martí,8005,BARCELONA,Hotels 4 estr.,433167.1464,4583053.075,41.39623781,2.200527627
﻿75990100867,Hotel Paral·lel - HB-003901,HB-003901,122,261004,C Poeta Cabanyes,5,,11,el Poble-sec,3,Sants-Montjuïc,8004,BARCELONA,Hotels 2 estr.,430257.6452,4580680.336,41.37462024,2.165999998
﻿75990106171,Hotel Regàs - HB-003850,HB-003850,74,277208,C Regàs,10,,26,Sant Gervasi - Galvany,5,Sarrià-Sant Gervasi,8006,BARCELONA,Hotels 2 estr.,429122.9876,4583367.698,41.39872522,2.152118434
﻿75990034160,Hotel Aneto - HB-002253,HB-002253,28,67307,C Carme,38,,1,el Raval,1,Ciutat Vella,8001,BARCELONA,Hotels 1 estr.,430582.6158,4581505.658,41.38208176,2.169791173
﻿99400331104,Hotel Center Gran Via - HB-004572,HB-004572,23,169409,G.V. Corts Catalanes,573,,8,l'Antiga Esquerra de l'Eixample,2,Eixample,8011,BARCELONA,Hotels 1 estr.,429941.006,4581848.41,41.38511321,2.162078886
﻿75990073554,Leonardo Hotel Barcelona Las Ramblas - HB-000085,HB-000085,174,175208,C Junta de Comerç,8,,1,el Raval,1,Ciutat Vella,8001,BARCELONA,Hotels 3 estr.,430695.9848,4581285.622,41.38010974,2.171172056
﻿99400303372,Hotel Ciutadella Barcelona - HB-004539,HB-004539,118,198203,Av Marquès de l'Argentera,4,,4,"Sant Pere, Santa Caterina i la Ribera",1,Ciutat Vella,8003,BARCELONA,Hotels 4 estr.,431827.6657,4581692.782,41.3838736,2.184659043
﻿1068120923,Hotel Barcelona Universal - HB-004114,HB-004114,334,198804,Av Paral.lel,76,,1,el Raval,1,Ciutat Vella,8001,BARCELONA,Hotels 4 estr.,430451.7503,4580741.612,41.37518893,2.1683139
﻿75990210610,Hotel Condal - HB-000051,HB-000051,92,45508,C Boqueria,23,,2,el Barri Gòtic,1,Ciutat Vella,8002,BARCELONA,Hotels 2 estr.,430955.9202,4581445.064,41.38156814,2.174262228
﻿75990262564,Hotel Catalonia Barcelona Plaza - HB-003967,HB-003967,658,114000,Pl Espanya,6,,15,Hostafrancs,3,Sants-Montjuïc,8004,BARCELONA,Hotels 4 estr.,428786.8494,4580787.917,41.37546038,2.148400987
﻿75990175163,Hotel Catalonia Albéniz - HB-003939,HB-003939,86,18505,C Aragó,591,,64,el Camp de l'Arpa del Clot,10,Sant Martí,8026,BARCELONA,Hotels 3 estr.,431952.3689,4584389.844,41.4081758,2.185847264
﻿1095103814,Hotel Bcn Urban Gran Ducat - HB-004122,HB-004122,87,309406,Rda Sant Pere,15,,7,la Dreta de l'Eixample,2,Eixample,8010,BARCELONA,Hotels 3 estr.,430754.127,4582246.616,41.38877013,2.171757497
﻿75990225997,Hotel Catalonia Roma - HB-003873,HB-003873,80,287201,Av Roma,31,,9,la Nova Esquerra de l'Eixample,2,Eixample,8029,BARCELONA,Hotels 3 estr.,428582.1003,4581505.921,41.38190904,2.145868157
﻿99400387630,Hotel Cotton House - HB-004691,HB-004691,162,169409,G.V. Corts Catalanes,670,,7,la Dreta de l'Eixample,2,Eixample,8010,BARCELONA,Hotels 5 estr.,430763.9148,4582581.341,41.39178573,2.171836296
﻿99400628913,Hotel La Casa del Sol - HB-004855,HB-004855,32,203100,C Maspons,11,,31,la Vila de Gràcia,6,Gràcia,8012,BARCELONA,Hotels 3 estr.,429482.9091,4583643.384,41.40123988,2.156391511
﻿75990097514,Hotel Astoria - HB-000017,HB-000017,205,245802,C París,203,,8,l'Antiga Esquerra de l'Eixample,2,Eixample,8036,BARCELONA,Hotels 3 estr.,429235.2646,4582842.004,41.39400038,2.153522866
﻿99400390267,Hotel Two by Axel - HB-004688,HB-004688,168,54509,C Calàbria,90,,10,Sant Antoni,2,Eixample,8015,BARCELONA,Hotels 4 estr.,429431.7911,4581184.364,41.37908787,2.156066527
﻿1261151147,Hotel H10 Itaca - HB-004151,HB-004151,146,287201,Av Roma,22,,9,la Nova Esquerra de l'Eixample,2,Eixample,8015,BARCELONA,Hotels 4 estr.,428547.0716,4581426.872,41.38119396,2.145458593
﻿75990470887,Hotel chic&basic Velvet - HB-003947,HB-003947,71,89004,C Consell de Cent,74,,9,la Nova Esquerra de l'Eixample,2,Eixample,8015,BARCELONA,Hotels 3 estr.,428938.2299,4581209.439,41.37927027,2.150161651
﻿75990231016,Hotel Le Meridien Barcelona - HB-000039,HB-000039,466,34308,C Rambla,111,,1,el Raval,1,Ciutat Vella,8002,BARCELONA,Hotels 5 estr.,430679.4888,4581707.349,41.38390668,2.170926552
﻿99400605927,Hotel Catalonia Magdalenes - HB-004727,HB-004727,122,189406,C Magdalenes,13,,2,el Barri Gòtic,1,Ciutat Vella,8002,BARCELONA,Hotels 4 estr.,430989.2438,4581950.489,41.38612321,2.174603158
﻿99400605931,Hotel Room Mate Gerard - HB-004752,HB-004752,132,28305,C Ausiàs Marc,34,,7,la Dreta de l'Eixample,2,Eixample,8010,BARCELONA,Hotels 4 estr.,431126.9083,4582562.234,41.39164481,2.176179964
﻿99400605940,Hotel Barcelona 1882 - HB-004770,HB-004770,364,90502,C Còrsega,482,,32,el Camp d'en Grassot i Gràcia Nova,6,Gràcia,8025,BARCELONA,Hotels 4 estr.,430573.6594,4583937.596,41.40398466,2.169405282
﻿99400596964,Hotel Iberostar Paseo de Gracia - HB-004805,HB-004805,238,74404,Pl Catalunya,10,,7,la Dreta de l'Eixample,2,Eixample,8002,BARCELONA,Hotels 4 estr.,430552.288,4582148.599,41.38786992,2.169354802
﻿99400478777,Hotel The Wittmore - HB-004730,HB-004730,40,283608,C Riudarenes,7,,2,el Barri Gòtic,1,Ciutat Vella,8002,BARCELONA,Hotels 5 estr.,431410.7138,4581378.121,41.3810041,2.179708406
﻿99400605655,Hotel Vincci Mae - HB-000069,HB-000069,170,144601,Av Diagonal,596,,26,Sant Gervasi - Galvany,5,Sarrià-Sant Gervasi,8021,BARCELONA,Hotels 4 estr.,428608.7937,4582780.466,41.39339076,2.146037165
﻿99400646721,Hotel Raval House - HB-001213,HB-001213,100,157909,C Hospital,101,,1,el Raval,1,Ciutat Vella,8001,BARCELONA,Hotels 3 estr.,430515.5085,4581277.366,41.38001981,2.16901485
﻿99400253878,Hotel Bagués - HB-004440,HB-004440,59,34308,C Rambla,105,,1,el Raval,1,Ciutat Vella,8002,BARCELONA,Hotels 5 estr.,430733.4183,4581587.386,41.38283086,2.171585198
﻿94287134702,Hotel DingDong Putxet - HB-000328,HB-000328,24,33509,C Ballester,11,,27,el Putxet i el Farró,5,Sarrià-Sant Gervasi,8023,BARCELONA,Hotels 2 estr.,428507.7084,4584172.749,41.40592153,2.144663729
﻿99400467735,Aparthotel Duquesa Suites - HB-004711,HB-004711,40,18006,Pl Antonio López,5,,2,el Barri Gòtic,1,Ciutat Vella,8002,BARCELONA,Hotels 4 estr.,431559.2324,4581392.808,41.38114903,2.181482776
﻿99400448502,Hotel Ohla Eixample - HB-004718,HB-004718,188,90502,C Còrsega,289,,7,la Dreta de l'Eixample,2,Eixample,8008,BARCELONA,Hotels 5 estr.,429480.0953,4582893.454,41.39448528,2.156445197
﻿99400479701,Hotel The One Barcelona - HB-004745,HB-004745,178,268003,C Provença,277,,7,la Dreta de l'Eixample,2,Eixample,8037,BARCELONA,Hotels 5 estr.,430044.5187,4583074.692,41.39616692,2.163175165
﻿99400513827,Hotel Room Mate Anna - HB-004733,HB-004733,146,18505,C Aragó,271,,7,la Dreta de l'Eixample,2,Eixample,8007,BARCELONA,Hotels 4 estr.,430236.9019,4582706.315,41.39286579,2.165518703
﻿99400535858,Hotel Od Barcelona - HB-004762,HB-004762,196,18505,C Aragó,300,,7,la Dreta de l'Eixample,2,Eixample,8009,BARCELONA,Hotels 5 estr.,430389.6934,4582811.757,41.39382871,2.167334036
﻿99400271796,Hotel Duquesa de Cardona - HB-004147,HB-004147,128,82901,Pg Colom,12,,2,el Barri Gòtic,1,Ciutat Vella,8002,BARCELONA,Hotels 4 estr.,431483.1881,4581252.282,41.37987688,2.180589303
﻿99400264476,Hotel Teatre Auditori - HB-004521,HB-004521,94,281307,C Ribes,71,,5,el Fort Pienc,2,Eixample,8013,BARCELONA,Hotels 3 estr.,431793.0517,4583472.179,41.39989717,2.184044712
﻿99400264483,Hotel Sant Antoni - HB-004429,HB-004429,79,89004,C Consell de Cent,476,,5,el Fort Pienc,2,Eixample,8013,BARCELONA,Hotels 3 estr.,431243.532,4583467.115,41.39980476,2.177472066
﻿1044121532,Hotel Viladomat - HB-004071,HB-004071,162,361406,C Viladomat,197,,9,la Nova Esquerra de l'Eixample,2,Eixample,8015,BARCELONA,Hotels 3 estr.,429084.4713,4581699.431,41.38369636,2.151853049
﻿75990018174,Hotel Condado - HB-000066,HB-000066,146,23403,C Aribau,201,,26,Sant Gervasi - Galvany,5,Sarrià-Sant Gervasi,8021,BARCELONA,Hotels 3 estr.,428900.7479,4583035.943,41.39571761,2.149499078
﻿99400479711,Hotel The Corner - HB-004737,HB-004737,144,223606,C Muntaner,110,,8,l'Antiga Esquerra de l'Eixample,2,Eixample,8036,BARCELONA,Hotels 4 estr.,429485.8543,4582277.952,41.38894217,2.156585738
﻿99400281608,Hotel Catalonia Rigoletto - HB-004346,HB-004346,127,285002,C Sabino Arana,22,,20,la Maternitat i Sant Ramon,4,Les Corts,8028,BARCELONA,Hotels 4 estr.,426866.2039,4581932.375,41.38559579,2.12529746
﻿99400353117,Hotel H10 Metropolitan - HB-004625,HB-004625,167,74506,Rbla Catalunya,7,,7,la Dreta de l'Eixample,2,Eixample,8007,BARCELONA,Hotels 4 estr.,430412.2173,4582144.606,41.38782185,2.167680084
﻿99400094416,Hotel Pulitzer - HB-004213,HB-004213,178,357001,C Bergara,8,,7,la Dreta de l'Eixample,2,Eixample,8002,BARCELONA,Hotels 4 estr.,430468.4808,4581959.07,41.38615565,2.168374262
﻿99400596968,Hotel H10 Madison- HB-004807,HB-004807,198,102601,C Doctor Joaquim Pou,2,,2,el Barri Gòtic,1,Ciutat Vella,8002,BARCELONA,Hotels 4 estr.,431061.5121,4581951.769,41.38614093,2.175467284
﻿99400596975,Motel One Barcelona-Ciutadella - HB-004822,HB-004822,602,271100,Pg Pujades,11,,66,el Parc i la Llacuna del Poblenou,10,Sant Martí,8018,BARCELONA,Hotels 1 estr.,431832.8165,4582388.995,41.39014463,2.184642301
﻿99400036197,Hotel METT Barcelona - HB-004263,HB-004263,140,335654,Carretera de Vallvidrera al Tibidabo,83,93,22,"Vallvidrera, el Tibidabo i les Planes",5,Sarrià-Sant Gervasi,8035,Barcelona,Hotels 5 estr.,426572.299,4586382.861,41.42565251,2.121242736
﻿99400045034,Axel Hotel Barcelona - HB-004327,HB-004327,195,23403,C Aribau,33,,8,l'Antiga Esquerra de l'Eixample,2,Eixample,8011,BARCELONA,Hotels 4 estr.,429802.6573,4582113.689,41.38749043,2.160393637
﻿99400316657,Hotel Indigo Barcelona - Plaza Catalunya - HB-004554,HB-004554,119,169409,G.V. Corts Catalanes,629,,7,la Dreta de l'Eixample,2,Eixample,8010,BARCELONA,Hotels 4 estr.,430632.4771,4582525.192,41.39126868,2.1702707
﻿99400098608,Hotel Cram - HB-004231,HB-004231,134,23403,C Aribau,54,,8,l'Antiga Esquerra de l'Eixample,2,Eixample,8011,BARCELONA,Hotels 4 estr.,429769.0986,4582178.89,41.38807474,2.159984736
﻿99400121522,Abba Rambla Hotel - HB-004380,HB-004380,98,701367,Rbla Raval,4,,1,el Raval,1,Ciutat Vella,8001,BARCELONA,Hotels 3 estr.,430422.1624,4581217.412,41.37947177,2.167905493
﻿99400293106,Hotel Vincci Bit - HB-004482,HB-004482,354,143609,C Josep Pla,69,,69,Diagonal Mar i el Front Marítim del Poblenou,10,Sant Martí,8019,BARCELONA,Hotels 4 estr.,434140.0496,4584747.341,41.41157791,2.211980343
﻿99400392715,Hotel-Apartament Casa Saltor - HB-004648,HB-004648,7,169409,G.V. Corts Catalanes,558,,10,Sant Antoni,2,Eixample,8011,BARCELONA,Hotels 2 estr.,429827.1721,4581664.474,41.38344663,2.160738851
﻿99400392717,Kiwidestiny Apartaments & Suites - HB-004673,HB-004673,19,144601,Av Diagonal,578,,26,Sant Gervasi - Galvany,5,Sarrià-Sant Gervasi,8021,BARCELONA,Hotels 3 estr.,428791.311,4582839.622,41.39393974,2.1482132
﻿99400392722,Hotel Ayre Hotel Rosello - HB-004513,HB-004513,186,289105,C Rosselló,390,,6,la Sagrada Família,2,Eixample,8025,BARCELONA,Hotels 4 estr.,430858.7766,4584028.192,41.4048252,2.172805643
﻿99400392726,Hotel Bestprice Diagonal - HB-004636,HB-004636,61,144601,Av Diagonal,70,,69,Diagonal Mar i el Front Marítim del Poblenou,10,Sant Martí,8019,BARCELONA,Hotels 1 estr.,433942.9486,4584530.546,41.40960912,2.209645895
﻿99400392737,Hotel La Ciudadela - HB-004248,HB-004248,28,359109,Pg Lluís Companys,2,,4,"Sant Pere, Santa Caterina i la Ribera",1,Ciutat Vella,8018,BARCELONA,Hotels 1 estr.,431746.2473,4582324.106,41.38955285,2.183614247
﻿99400167767,Hotel Catalonia Ramblas - HB-004379,HB-004379,433,250904,C Pelai,28,,1,el Raval,1,Ciutat Vella,8001,BARCELONA,Hotels 4 estr.,430342.5211,4581904.627,41.3856544,2.166874144
﻿99400103277,Hotel The Hoxton- HB-004207,HB-004207,480,144601,Av Diagonal,205,,66,el Parc i la Llacuna del Poblenou,10,Sant Martí,8018,BARCELONA,Hotels 4 estr.,432322.4214,4583915.163,41.40393174,2.190327394
﻿99400103742,Hotel Casa Camper Barcelona - HB-004209,HB-004209,50,108506,C Elisabets,11,,1,el Raval,1,Ciutat Vella,8001,BARCELONA,Hotels 4 estr.,430476.7978,4581641.762,41.38329848,2.168510137
﻿99400271017,Hotel Grums Barcelona - HB-004581,HB-004581,164,241404,C Palaudàries,26,,11,el Poble-sec,3,Sants-Montjuïc,8004,BARCELONA,Hotels 4 estr.,430763.9273,4580475.948,41.37282309,2.172077006
﻿99400284232,Hotel Primeroprimera - HB-004645,HB-004645,58,101405,Carrer del Doctor Carulla,25,,24,les Tres Torres,5,Sarrià-Sant Gervasi,8017,Barcelona,Hotels 5 estr.,427261.3947,4583561.241,41.40030214,2.129827906
﻿99400216475,Hotel Exe Ramblas Boqueria - HB-004339,HB-004339,54,34308,C Rambla,91,,1,el Raval,1,Ciutat Vella,8002,BARCELONA,Hotels 3 estr.,430780.5899,4581514.685,41.38218013,2.172157609
﻿99400098392,Hotel Sunotel Junior - HB-004278,HB-004278,44,320704,Av Sarrià,9,,9,la Nova Esquerra de l'Eixample,2,Eixample,8029,BARCELONA,Hotels 2 estr.,428714.7498,4582385.081,41.38983907,2.147350984
﻿75990079932,Hotel Best Western Premier Hotel Dante - HB-002007,HB-002007,144,191204,C Mallorca,181,,8,l'Antiga Esquerra de l'Eixample,2,Eixample,8036,BARCELONA,Hotels 4 estr.,429480.4374,4582332.885,41.38943646,2.156514558
﻿99400646722,Hotel Acta Voraport - HB-004893,HB-004893,626,110009,C Ramon Turró,196,,68,el Poblenou,10,Sant Martí,8005,BARCELONA,Hotels 2 estr.,433306.138,4583378.022,41.39917606,2.202154334
﻿99400646725,Hotel Yurbban Ramblas Boutique - HB-004883,HB-004883,79,34308,C Rambla,129,,1,el Raval,1,Ciutat Vella,8002,BARCELONA,Hotels 2 estr.,430608.4685,4581836.692,41.38506552,2.170062421
﻿75990176574,Hotel Majestic - HB-000038,HB-000038,531,148307,Pg Gràcia,68,,7,la Dreta de l'Eixample,2,Eixample,8008,BARCELONA,Hotels 5 estr.,430095.9113,4582777.358,41.39349341,2.163824195
﻿75990265200,Hotel Arts Barcelona - HB-003984,HB-003984,1012,197302,C Marina,19,,3,la Barceloneta,1,Ciutat Vella,8005,BARCELONA,Hotels 5 estr.,432827.2079,4582043.061,41.38711255,2.196573593
﻿99400226293,Hotel NH Barcelona Ramblas - HB-004369,HB-004369,130,157909,C Hospital,26,,1,el Raval,1,Ciutat Vella,8001,BARCELONA,Hotels 3 estr.,430776.389,4581381.934,41.38098411,2.172122537
﻿75990099279,Hotel Alguer Camp Nou - HB-003643,HB-003643,59,250405,Ptge Pere Rodríguez,20,,20,la Maternitat i Sant Ramon,4,Les Corts,8028,BARCELONA,Hotels 2 estr.,426237.3082,4580992.063,41.37706938,2.117890985
﻿99400202339,Hotel Ilunion Barcelona - HB-004313,HB-004313,448,110009,C Ramon Turró,196,,68,el Poblenou,10,Sant Martí,8005,BARCELONA,Hotels 4 estr.,433343.5926,4583335.29,41.39879429,2.202607059
﻿99400549646,Hotel Niu Barcelona - HB-004756,HB-004756,48,701367,Rbla Raval,8,,1,el Raval,1,Ciutat Vella,8001,BARCELONA,Hotels 3 estr.,430492.4608,4581144.945,41.37882515,2.16875443
﻿99400692554,Hotel Occidental Diagonal 414 - HB-004911,HB-004911,204,144601,Avinguda Diagonal,414,414,7,la Dreta de l'Eixample,2,Eixample,8037,Barcelona,Hotels 4 estr.,430185.092,4583287.871,41.39809917,2.164831986
﻿99400282018,Aparthotel Aramunt - HB-004446,HB-004446,50,223606,C Muntaner,60,,8,l'Antiga Esquerra de l'Eixample,2,Eixample,8011,BARCELONA,Hotels 3 estr.,429707.1772,4582051.61,41.38692296,2.159258954
﻿99400392740,Hotel Margot House - HB-004653,HB-004653,17,148307,Pg Gràcia,46,,7,la Dreta de l'Eixample,2,Eixample,8007,BARCELONA,Hotels 3 estr.,430263.0567,4582595.023,41.39186568,2.16584434
﻿99400392743,Hotel TOC Hostel Barcelona - HB-004629,HB-004629,42,169409,G.V. Corts Catalanes,580,,10,Sant Antoni,2,Eixample,8011,BARCELONA,Hotels 1 estr.,429976.2417,4581811.374,41.38478271,2.16250455
﻿75990094054,Hotel Comercio - HB-000050,HB-000050,88,231400,Nou de Zurbano,7,,2,el Barri Gòtic,1,Ciutat Vella,8002,BARCELONA,Hotels 1 estr.,431092.4459,4581204.434,41.37941255,2.175922216
﻿75990094165,Hotel NH Sants Barcelona - HB-003542,HB-003542,347,231502,C Numància,72,,19,les Corts,4,Les Corts,8029,BARCELONA,Hotels 4 estr.,427913.3667,4581812.136,41.38460736,2.137834784
﻿75990287473,Aparthotel Citadines Barcelona Ramblas - HB-003992,HB-003992,262,34308,C Rambla,122,,2,el Barri Gòtic,1,Ciutat Vella,8002,BARCELONA,Hotels 3 estr.,430724.2734,4581702.854,41.38387006,2.171462636
﻿99400295782,Hotel HCC Lugano - HB-004598,HB-004598,133,198804,Av Paral·lel,172,,10,Sant Antoni,2,Eixample,8015,BARCELONA,Hotels 3 estr.,429394.1735,4580755.335,41.37522044,2.155666679
﻿99400303369,Hotel Mercer Barcelona - HB-004504,HB-004504,56,183909,C Lledó,7,,2,el Barri Gòtic,1,Ciutat Vella,8002,BARCELONA,Hotels 5 estr.,431347.6504,4581561.589,41.38265116,2.178933489
﻿75990141869,Hotel Claris - HB-003933,HB-003933,244,247659,C Pau Claris,150,,7,la Dreta de l'Eixample,2,Eixample,8009,BARCELONA,Hotels 5 estr.,430197.8813,4582887.096,41.39449064,2.165031163
﻿75990714805,Hotel H10 Marina Barcelona - HB-004190,HB-004190,440,44200,Av Bogatell,64,,67,la Vila Olímpica del Poblenou,10,Sant Martí,8005,BARCELONA,Hotels 4 estr.,432486.4071,4582710.678,41.39309707,2.192423388
﻿75990407037,Aparthotel Acacia - HB-004013,HB-004013,52,349706,C Comte d'Urgell,194,,8,l'Antiga Esquerra de l'Eixample,2,Eixample,8036,BARCELONA,Hotels 4 estr.,429033.3167,4582172.287,41.38795069,2.151185918
﻿99400030271,Hotel Sixtytwo Barcelona - HB-004200,HB-004200,84,148307,Pg Gràcia,62,,7,la Dreta de l'Eixample,2,Eixample,8007,BARCELONA,Hotels 4 estr.,430151.3458,4582717.028,41.39295485,2.16449418
﻿99400316659,Hotel Travelodge Barcelona Poblenou - HB-004514,HB-004514,500,186703,C Llull,170,,68,el Poblenou,10,Sant Martí,8005,BARCELONA,Hotels 1 estr.,433215.1858,4583475.206,41.40004382,2.201055672
﻿75990662341,Pol & Grace Hotel - HB-004074,HB-004074,119,152508,C Guillem Tell,49,,27,el Putxet i el Farró,5,Sarrià-Sant Gervasi,8006,BARCELONA,Hotels 4 estr.,428762.2711,4583710.956,41.40178494,2.14776335
﻿75990342093,Hotel Ilunion Almirante - HB-003906,HB-003906,151,177101,Via Laietana,42,,4,"Sant Pere, Santa Caterina i la Ribera",1,Ciutat Vella,8003,BARCELONA,Hotels 4 estr.,431118.1855,4581946.841,41.3861014,2.176145615
﻿98070141017,Hotel NH Entenza - HB-003972,HB-003972,91,107004,C Equador,20,,19,les Corts,4,Les Corts,8029,BARCELONA,Hotels 3 estr.,428138.9895,4581933.3,41.38571883,2.140518598
﻿99400366177,Hotel Yurbban Trafalgar - HB-004627,HB-004627,100,342900,C Trafalgar,30,,4,"Sant Pere, Santa Caterina i la Ribera",1,Ciutat Vella,8010,BARCELONA,Hotels 3 estr.,431113.1475,4582266.543,41.38898043,2.17604901
﻿75990165895,Hotel Call - HB-001122,HB-001122,49,20700,C Arc de Sant Ramon del Call,4,,2,el Barri Gòtic,1,Ciutat Vella,8002,BARCELONA,Hotels 1 estr.,431077.986,4581524.491,41.38229398,2.175712903
﻿99400288259,Ako Suite Hotel - HB-004526,HB-004526,56,100800,C Diputació,195,,8,l'Antiga Esquerra de l'Eixample,2,Eixample,8011,BARCELONA,Hotels 4 estr.,429852.8668,4581948.83,41.38600997,2.161013204
﻿99400021619,Hotel H10 Montcada - HB-004328,HB-004328,95,177101,Via Laietana,24,,4,"Sant Pere, Santa Caterina i la Ribera",1,Ciutat Vella,8003,BARCELONA,Hotels 3 estr.,431309.0687,4581751.347,41.38435697,2.178450594
﻿75990032889,Hotel Bonanova Park - HB-003296,HB-003296,102,62507,Capità Arenas,51,,23,Sarrià,5,Sarrià-Sant Gervasi,8034,BARCELONA,Hotels 2 estr.,426832.728,4582765.966,41.39310055,2.124796435
﻿75990036948,Hotel Médicis - HB-003917,HB-003917,51,73900,C Castillejos,340,,33,el Baix Guinardó,7,Horta-Guinardó,8025,BARCELONA,Hotels 2 estr.,430891.0482,4584673.661,41.4106415,2.173117986
﻿75990019711,Hotel Via Augusta - HB-000098,HB-000098,137,28000,Via Augusta,63,,26,Sant Gervasi - Galvany,5,Sarrià-Sant Gervasi,8006,BARCELONA,Hotels 2 estr.,429066.3031,4583520.076,41.40009263,2.151422552
﻿75990231017,Hotel Barcelona Century - HB-003970,HB-003970,68,350308,C València,154,,8,l'Antiga Esquerra de l'Eixample,2,Eixample,8011,BARCELONA,Hotels 3 estr.,429334.8869,4581972.521,41.38617801,2.154815844
﻿97043171458,Hotel Turó de Vilana - HB-004027,HB-004027,36,362205,C Vilana,7,,25,Sant Gervasi - la Bonanova,5,Sarrià-Sant Gervasi,8017,BARCELONA,Hotels 4 estr.,427184.1793,4584074.016,41.40491349,2.128842599
﻿75990680627,Hotel Exe Laietana Palace - HB-004101,HB-004101,95,177101,Via Laietana,17,,2,el Barri Gòtic,1,Ciutat Vella,8003,BARCELONA,Hotels 4 estr.,431382.17,4581645.725,41.3834119,2.179336768
﻿92168172158,Hotel Balmoral - HB-002606,HB-002606,196,28000,Via Augusta,5,,26,Sant Gervasi - Galvany,5,Sarrià-Sant Gervasi,8006,BARCELONA,Hotels 4 estr.,429377.0392,4583085.64,41.39620718,2.155190162
﻿92168172239,Hotel Fornos - HB-000011,HB-000011,47,34308,C Rambla,44,,2,el Barri Gòtic,1,Ciutat Vella,8002,BARCELONA,Hotels 2 estr.,431008.8277,4581225.14,41.37959189,2.174919953
﻿92168172252,Hotel Granvía - HB-000012,HB-000012,105,169409,G.V. Corts Catalanes,642,,7,la Dreta de l'Eixample,2,Eixample,8007,BARCELONA,Hotels 3 estr.,430568.8908,4582390.496,41.39005004,2.169525638
﻿92168172321,Hotel Nouvel - HB-000078,HB-000078,136,313006,C Santa Anna,18,,2,el Barri Gòtic,1,Ciutat Vella,8002,BARCELONA,Hotels 3 estr.,430732.6463,4581861.958,41.38530378,2.171544576
﻿99400037547,Hotel Vincci Marítimo - HB-004286,HB-004286,288,186703,Carrer de Llull,340,348,69,Diagonal Mar i el Front Marítim del Poblenou,10,Sant Martí,8019,Barcelona,Hotels 4 estr.,434182.2633,4584362.019,41.40811087,2.212527298
﻿99400002916,Hotel Four Points By Sheraton Barcelona Diagonal - HB-004103,HB-004103,308,144601,Av Diagonal,161,,68,el Poblenou,10,Sant Martí,8018,BARCELONA,Hotels 3 estr.,432815.4126,4584074.053,41.40540416,2.196207185
﻿99400230768,Hotel W Barcelona - HB-004411 *Edifici Vela,HB-004411,954,701643,Pl Rosa dels Vents,1,,3,la Barceloneta,1,Ciutat Vella,8039,BARCELONA,Hotels 5 estr.,432258.0028,4579966.449,41.36836131,2.189998313
﻿75990109927,Hotel Abbot - HB-003923,HB-003923,78,287201,Av Roma,23,,9,la Nova Esquerra de l'Eixample,2,Eixample,8029,BARCELONA,Hotels 4 estr.,428509.41,4581464.529,41.38152978,2.145003784
﻿75990303344,Park Hotel - HB-000082,HB-000082,157,198203,Av Marquès de l'Argentera,11,,4,"Sant Pere, Santa Caterina i la Ribera",1,Ciutat Vella,8003,BARCELONA,Hotels 3 estr.,431804.1029,4581735.288,41.38425444,2.184372475
﻿99400155154,Hotel Granados 83 - HB-004239,HB-004239,135,110304,C Enric Granados,83,,8,l'Antiga Esquerra de l'Eixample,2,Eixample,8008,BARCELONA,Hotels 4 estr.,429510.749,4582604.335,41.39188397,2.156845488
﻿75990217489,Hotel Zenit Barcelona - HB-000386,HB-000386,118,318804,C Santaló,8,,26,Sant Gervasi - Galvany,5,Sarrià-Sant Gervasi,8021,BARCELONA,Hotels 4 estr.,428681.522,4582952.189,41.39494386,2.146886805
﻿75990217491,Hotel Suizo - HB-000002,HB-000002,116,16000,Pl Àngel,12,,2,el Barri Gòtic,1,Ciutat Vella,8002,BARCELONA,Hotels 3 estr.,431297.5968,4581691.645,41.38381827,2.178320173
﻿75990274296,Hotel Catalonia Diagonal Centro - HB-003918,HB-003918,162,32700,C Balmes,142,,7,la Dreta de l'Eixample,2,Eixample,8008,BARCELONA,Hotels 4 estr.,429509.82,4582828.208,41.39390024,2.15680832
﻿99400077505,Hotel Constanza - HB-004138,HB-004138,87,49509,C Bruc,33,,7,la Dreta de l'Eixample,2,Eixample,8010,BARCELONA,Hotels 2 estr.,430858.3679,4582562.627,41.39162531,2.172968115
﻿75990293408,Aparthotel Nàpols - HB-004030,HB-004030,100,225500,C Nàpols,116,,5,el Fort Pienc,2,Eixample,8013,BARCELONA,Hotels 2 estr.,431415.5834,4582978.682,41.3954203,2.179585426
﻿99400426119,Hotel  Negresco Princess - HB-004699,HB-004699,257,176801,C Roger de Llúria,16,,7,la Dreta de l'Eixample,2,Eixample,8010,BARCELONA,Hotels 4 estr.,430830.2332,4582431.361,41.39044061,2.172646608
﻿99400065861,Hotel Occidental Atenea Mar - HB-004204,HB-004204,346,700892,Passeig de Garcia Fària,37,37,69,Diagonal Mar i el Front Marítim del Poblenou,10,Sant Martí,8019,Barcelona,Hotels 4 estr.,434118.21,4583734.455,41.40245332,2.211829317
﻿99400085470,Leonardo Hotel Barcelona Gran Via - HB-004212,HB-004212,200,100800,C Diputació,100,,9,la Nova Esquerra de l'Eixample,2,Eixample,8015,BARCELONA,Hotels 3 estr.,429335.68,4581411.767,41.38112757,2.154890727
﻿99400085733,Hotel Barcelona Center - HB-004296,HB-004296,262,32700,C Balmes,103,,8,l'Antiga Esquerra de l'Eixample,2,Eixample,8008,BARCELONA,Hotels 4 estr.,429713.83,4582587.399,41.39174921,2.159276348
﻿99400549620,Hotel Golden Tulip - HB-004757,HB-004757,293,29206,C Àvila,135,,66,el Parc i la Llacuna del Poblenou,10,Sant Martí,8018,BARCELONA,Hotels 4 estr.,432374.049,4583500.952,41.40020541,2.190991263
﻿99400549643,Hotel Arya by Ona Hotels - HB-004761,HB-004761,115,312400,C Sants,383,,17,Sants - Badal,3,Sants-Montjuïc,8028,BARCELONA,Hotels 3 estr.,426811.4406,4580819.001,41.37556311,2.124777012
﻿75990156349,Hotel Torre Melina Gran Meliá - HB-003961,HB-003961,866,144601,Avinguda Diagonal,661,671,20,la Maternitat i Sant Ramon,4,Les Corts,8028,Barcelona,Hotels 5 estr.,425556.724,4581711.808,41.38348913,2.10966458
﻿1269122431,Hotel Ibis Meridiana - HB-004159,HB-004159,282,700021,Pg Andreu Nin,9,,45,Porta,8,Nou Barris,8016,BARCELONA,Hotels 2 estr.,431628.6785,4587419.264,41.43543328,2.181632363
﻿75990037405,NH Collection Barcelona Gran Hotel Calderón - HB-002059,HB-002059,503,74506,Rbla Catalunya,26,,7,la Dreta de l'Eixample,2,Eixample,8007,BARCELONA,Hotels 5 estr.,430282.9716,4582317.454,41.38936744,2.166114475
﻿75990025169,Hotel Continental - HB-000053,HB-000053,73,34308,C Rambla,138,,2,el Barri Gòtic,1,Ciutat Vella,8002,BARCELONA,Hotels 3 estr.,430656.744,4581844.702,41.38514182,2.170638831
﻿75990026619,Aparthotel Bertran - HB-003804,HB-003804,60,41303,C Bertran,150,,27,el Putxet i el Farró,5,Sarrià-Sant Gervasi,8023,BARCELONA,Hotels 3 estr.,428101.4273,4584674.905,41.410408,2.139743831
﻿75990016384,Hotel HCC Taber - HB-000317,HB-000317,169,18505,C Aragó,256,,7,la Dreta de l'Eixample,2,Eixample,8007,BARCELONA,Hotels 3 estr.,430034.9009,4582463.601,41.3906622,2.163130724
﻿99400479839,Hotel Apartament Murmuri Residence Mercader - HB-004738,HB-004738,54,208409,Ptge Mercader,13,,7,la Dreta de l'Eixample,2,Eixample,8008,BARCELONA,Hotels 4 estr.,429783.0784,4582664.74,41.39245184,2.160095605
﻿75990076596,Hotel Gran Derby Suite - HB-003751,HB-003751,86,180900,C Loreto,28,,19,les Corts,4,Les Corts,8029,BARCELONA,Hotels 4 estr.,428289.1379,4582412.595,41.39004905,2.142257492
﻿99400097194,Hotel HLG Citypark Pelai - HB-004236,HB-004236,69,250904,C Pelai,1,,7,la Dreta de l'Eixample,2,Eixample,8001,BARCELONA,Hotels 2 estr.,430224.1892,4581942.399,41.38598435,2.16545465
﻿75990115932,Hotel Peninsular - HB-003154,HB-003154,100,308505,C Sant Pau,34,,1,el Raval,1,Ciutat Vella,8001,BARCELONA,Hotels 1 estr.,430807.4577,4581230.824,41.37962579,2.172511318
﻿1138131213,Hotel Ilunion Bel Art - HB-004259,HB-004259,165,178308,C Lepant,406,,33,el Baix Guinardó,7,Horta-Guinardó,8025,BARCELONA,Hotels 4 estr.,430589.4231,4584623.805,41.41016647,2.169515153
﻿75990125192,Hotel NH Les Corts - HB-003666,HB-003666,155,343903,Trav Corts,292,,19,les Corts,4,Les Corts,8029,BARCELONA,Hotels 3 estr.,427805.6807,4582137.813,41.38753095,2.136508177
﻿75990151862,Hotel Boutique H10 Catalunya Plaza - HB-003965,HB-003965,74,74404,Pl Catalunya,7,,7,la Dreta de l'Eixample,2,Eixample,8002,BARCELONA,Hotels 3 estr.,430486.6446,4582054.135,41.38701344,2.168580579
﻿75990272410,Hotel Alba - HB-003411,HB-003411,20,157909,C Hospital,83,,1,el Raval,1,Ciutat Vella,8001,BARCELONA,Hotels 3 estr.,430603.4187,4581309.811,41.38031963,2.170062371
﻿75990132142,Hotel Regina - HB-000018,HB-000018,176,357001,C Bergara,2,,7,la Dreta de l'Eixample,2,Eixample,8002,BARCELONA,Hotels 4 estr.,430431.9002,4581941.166,41.38599123,2.167938843
﻿99400607396,Hotel Boutique 2015 - HB-004767,HB-004767,8,349309,Rda Universitat,9,,7,la Dreta de l'Eixample,2,Eixample,8007,BARCELONA,Hotels 2 estr.,430226.3532,4581990.301,41.38641597,2.165475013
﻿75990287312,Hotel Coronado - HB-003443,HB-003443,60,86902,C Nou de la Rambla,134,,11,el Poble-sec,3,Sants-Montjuïc,8004,BARCELONA,Hotels 1 estr.,430443.8094,4580541.231,41.37338348,2.168241941
﻿75990287313,Hotel Guitart Grand Passage - HB-003896,HB-003896,98,223606,C Muntaner,212,,8,l'Antiga Esquerra de l'Eixample,2,Eixample,8036,BARCELONA,Hotels 4 estr.,428972.2252,4582803.185,41.39362756,2.150381312
﻿75990171354,Aparthotel Bonanova Suite - HB-003863,HB-003863,42,232800,C Bisbe Sivilla,7,,25,Sant Gervasi - la Bonanova,5,Sarrià-Sant Gervasi,8022,BARCELONA,Hotels 3 estr.,427793.5654,4584133.813,41.40550702,2.136125269
﻿99400084307,AC Hotel Barcelona Fòrum - HB-004223,HB-004223,736,701278,Passeig del Taulat,272,278,69,Diagonal Mar i el Front Marítim del Poblenou,10,Sant Martí,8019,Barcelona,Hotels 4 estr.,434699.8994,4584589.729,41.41020401,2.2186954
﻿75990161269,Hotel Ramblas Barcelona - HB-002912,HB-002912,159,34308,C Rambla,33,,1,el Raval,1,Ciutat Vella,8002,BARCELONA,Hotels 3 estr.,431005.8848,4581164.961,41.37904961,2.174891613
﻿75990242330,Aparthotel Atenea Barcelona - HB-003991,HB-003991,210,172403,C Joan Güell,207,,19,les Corts,4,Les Corts,8028,BARCELONA,Hotels 4 estr.,427218.9934,4582003.2,41.38626568,2.129507955
﻿75990130840,Hotel Mesón de Castilla Atiram - HB-000042,HB-000042,90,352100,C Valldonzella,5,,1,el Raval,1,Ciutat Vella,8001,BARCELONA,Hotels 2 estr.,430313.2124,4581803.275,41.38473901,2.166535295
﻿75990096089,Hotel Oasis - HB-002279,HB-002279,141,240707,Pla Palau,17,,4,"Sant Pere, Santa Caterina i la Ribera",1,Ciutat Vella,8003,BARCELONA,Hotels 2 estr.,431831.1037,4581568.3,41.38275272,2.184714162
﻿99400084665,Hotel Casa Fuster - HB-004219,HB-004219,210,148307,Pg Gràcia,132,,31,la Vila de Gràcia,6,Gràcia,8008,BARCELONA,Hotels 5 estr.,429616.0488,4583284.144,41.39801599,2.158025885
﻿75990016450,Barcelona City Hotel - HB-003925,HB-003925,28,18505,C Aragó,281,,7,la Dreta de l'Eixample,2,Eixample,8009,BARCELONA,Hotels 1 estr.,430280.3565,4582748.87,41.39325284,2.16603354
﻿75990016573,Hotel Europark - HB-003249,HB-003249,197,18505,C Aragó,325,,7,la Dreta de l'Eixample,2,Eixample,8009,BARCELONA,Hotels 3 estr.,430625.6851,4583087.462,41.39633229,2.170125056
﻿75990169806,Hotel Casa Teva- HB-003728,HB-003728,86,198258,C Marquès de Barberà,22,,1,el Raval,1,Ciutat Vella,8001,BARCELONA,Hotels 1 estr.,430725.7575,4581030.091,41.37781082,2.17155729
﻿75990138491,Best Western Plus Hotel Alfa Aeropuerto - HB-003859,HB-003859,190,175478,C K Zona Franca,2,,12,la Marina del Prat Vermell,3,Sants-Montjuïc,8040,BARCELONA,Hotels 4 estr.,425783.6858,4575604.465,41.32850372,2.113125732
﻿75990064944,Hotel Reding Croma - HB-003893,HB-003893,86,150207,C Gravina,5,,1,el Raval,1,Ciutat Vella,8001,BARCELONA,Hotels 3 estr.,430241.4391,4581869.4,41.38532836,2.165669349
﻿75990048361,Hotel Acta Antibes - HB-000241,HB-000241,137,100800,C Diputació,394,,5,el Fort Pienc,2,Eixample,8013,BARCELONA,Hotels 2 estr.,431292.8525,4583326.756,41.39854481,2.178077954
﻿182121024,Hotel Attica21 Barcelona Mar - HB-004340,HB-004340,150,267907,Carrer de Provençals,10,10,69,Diagonal Mar i el Front Marítim del Poblenou,10,Sant Martí,8019,Barcelona,Hotels 4 estr.,434153.2676,4584063.983,41.40542416,2.212212839
﻿75990209975,Hotel Melià Barcelona Sarrià- HB-003463,HB-003463,642,320704,Av Sarrià,50,,19,les Corts,4,Les Corts,8029,BARCELONA,Hotels 5 estr.,428269.4221,4582526.121,41.39106978,2.142008249
﻿75990210196,Hotel Exe Cristal Palace - HB-000372,HB-000372,250,100800,C Diputació,257,,7,la Dreta de l'Eixample,2,Eixample,8007,BARCELONA,Hotels 4 estr.,430280.9936,4582368.524,41.38982724,2.166084941
﻿75990079611,Hotel Moxy Barcelona - HB-003580,HB-003580,804,191204,C Mallorca,1,,15,Hostafrancs,3,Sants-Montjuïc,8014,BARCELONA,Hotels 4 estr.,428334.7077,4581208.807,41.37921105,2.142944886
﻿12124527,Hotel Amrey Sant Pau - HB-004046,HB-004046,177,297001,C Sant Antoni Maria Claret,173,,35,el Guinardó,7,Horta-Guinardó,8041,BARCELONA,Hotels 2 estr.,431292.6102,4585044.269,41.41401387,2.177880076
﻿1263180930,Hotel NH Barcelona del Mar - HB-004161,HB-004161,150,115603,Carrer d'Espronceda,6,6,69,Diagonal Mar i el Front Marítim del Poblenou,10,Sant Martí,8005,Barcelona,Hotels 4 estr.,433970.7525,4583640.691,41.40159671,2.21007561
﻿99400606222,Hotel Ibis Styles Barcelona Centre - HB-004728,HB-004728,162,268003,C Provença,340,,7,la Dreta de l'Eixample,2,Eixample,8037,BARCELONA,Hotels 2 estr.,430257.9666,4583253.816,41.39779877,2.16570759
﻿99400606894,Hotel Brumell - HB-004690,HB-004690,4,86902,C Nou de la Rambla,174,,11,el Poble-sec,3,Sants-Montjuïc,8004,BARCELONA,Hotels 3 estr.,430294.5429,4580353.797,41.3716824,2.166478733
﻿99400179283,Hotel 54 Barceloneta - HB-004371,HB-004371,36,224904,Pg Joan Borbo C Barcelona,54,,3,la Barceloneta,1,Ciutat Vella,8003,BARCELONA,Hotels 3 estr.,432168.0755,4580935.757,41.37708405,2.188814687
﻿99400692556,Hotel Paxton Barcelona - HB-004941,HB-004941,306,186703,Carrer de Llull,156,160,68,el Poblenou,10,Sant Martí,8005,Barcelona,Hotels 4 estr.,433144.743,4583404.429,41.3994005,2.200220862
﻿98118103552,Hotel Rekord - HB-003805,HB-003805,26,223606,Muntaner,352,,26,Sant Gervasi - Galvany,5,Sarrià-Sant Gervasi,8021,BARCELONA,Hotels 4 estr.,428431.2173,4583357.086,41.39856837,2.143845119
﻿75990271597,Hotel Mercure Barcelona Condor - HB-003342,HB-003342,169,28000,Via Augusta,127,,26,Sant Gervasi - Galvany,5,Sarrià-Sant Gervasi,8006,BARCELONA,Hotels 4 estr.,428549.5212,4583515.756,41.40000798,2.145241474
﻿97168115522,Hotel Exe Mitre - HB-003687,HB-003687,105,41303,C Bertran,9,,27,el Putxet i el Farró,5,Sarrià-Sant Gervasi,8023,BARCELONA,Hotels 3 estr.,428167.6588,4584078.424,41.40504167,2.140606996
﻿75990099434,Hotel Atlantis by Atbcn - HB-003914,HB-003914,96,250904,C Pelai,20,,1,el Raval,1,Ciutat Vella,8001,BARCELONA,Hotels 3 estr.,430297.8435,4581910.752,41.38570569,2.166339135
﻿75990099532,Hotel Monegal - HB-000488,HB-000488,80,250904,C Pelai,62,,1,el Raval,1,Ciutat Vella,8001,BARCELONA,Hotels 2 estr.,430577.1918,4581874.979,41.38540766,2.169683995
﻿99400646720,Hotel Occidental Barcelona 1929 - HB-004905,HB-004905,304,94809,Carrer de la Creu Coberta,20,,15,Hostafrancs,3,Sants-Montjuïc,8014,Barcelona,Hotels 3 estr.,428726.388,4580771.282,41.37530521,2.147679995
﻿92168172323,Hotel U232 - HB-002733,HB-002733,186,349706,C Comte d'Urgell,232,,8,l'Antiga Esquerra de l'Eixample,2,Eixample,8036,BARCELONA,Hotels 4 estr.,428856.9864,4582351.879,41.38955263,2.149056008
﻿75990161626,Hotel Gaudí - HB-001927,HB-001927,136,86902,C Nou de la Rambla,12,,1,el Raval,1,Ciutat Vella,8001,BARCELONA,Hotels 3 estr.,430932.6265,4581155.292,41.37895624,2.174016698
﻿98020120800,Hotel  Catalonia  Park Putxet - HB-003757,HB-003757,288,271904,C Putxet,68,,27,el Putxet i el Farró,5,Sarrià-Sant Gervasi,8023,BARCELONA,Hotels 4 estr.,428470.0938,4584333.538,41.40736634,2.144194751
﻿75990706190,Hotel America - HB-004153,HB-004153,78,268003,C Provença,195,,8,l'Antiga Esquerra de l'Eixample,2,Eixample,8008,BARCELONA,Hotels 4 estr.,429549.4106,4582600.656,41.39185422,2.157308317
﻿75990710319,Hotel Curious - HB-004354,HB-004354,32,67307,C Carme,25,,1,el Raval,1,Ciutat Vella,8001,BARCELONA,Hotels 1 estr.,430642.7362,4581535.252,41.3823535,2.170506734
﻿99400425803,Hotel Casa Bonay - HB-004703,HB-004703,124,169409,Gran Via de les Corts Catalanes,700,,7,la Dreta de l'Eixample,2,Eixample,8010,Barcelona,Hotels 4 estr.,430971.1798,4582784.213,41.39363075,2.174292114
﻿99400392713,Aparthotel BCN Montjuic - HB-004268,HB-004268,114,301608,C Sant Fructuós,64,,14,la Font de la Guatlla,3,Sants-Montjuïc,8004,BARCELONA,Hotels 3 estr.,428425.3651,4580201.738,41.3701488,2.144147861
﻿99400392729,Hotel Casa Maca Guest House 4 - HB-004640,HB-004640,8,49509,C Bruc,146,,7,la Dreta de l'Eixample,2,Eixample,8037,BARCELONA,Hotels 1 estr.,430261.0456,4583204.503,41.39735489,2.165750099
﻿99400392732,Hotel Condes de Barcelona - HB-003952,HB-003952,143,148307,Pg Gràcia,73,,7,la Dreta de l'Eixample,2,Eixample,8008,BARCELONA,Hotels 4 estr.,430000.7222,4582788.407,41.39358464,2.162684406
﻿99400392739,Hotel Praktik Bakery - HB-004606,HB-004606,148,268003,C Provença,279,,7,la Dreta de l'Eixample,2,Eixample,8037,BARCELONA,Hotels 1 estr.,430052.9876,4583083.551,41.39624745,2.163275439
﻿99400366180,Hotel Victoria Palace - HB-004635,HB-004635,18,176801,C Roger de Llúria,42,,7,la Dreta de l'Eixample,2,Eixample,8009,BARCELONA,Hotels 2 estr.,430641.739,4582624.324,41.39216233,2.170370121
﻿99400366184,Hotel H10 Art Gallery - HB-004616,HB-004616,165,110304,C Enric Granados,62,,8,l'Antiga Esquerra de l'Eixample,2,Eixample,8008,BARCELONA,Hotels 4 estr.,429526.6739,4582618.632,41.39201414,2.157034289
﻿99400549624,Hotel SB Glow - HB-004760,HB-004760,486,30500,C Badajoz,148,,66,el Parc i la Llacuna del Poblenou,10,Sant Martí,8018,BARCELONA,Hotels 4 estr.,432379.8459,4583716.325,41.40214569,2.191036548
﻿99400549630,Yurbban Passage Hotel & Spa - HB-004755,HB-004755,122,342900,C Trafalgar,26,,4,"Sant Pere, Santa Caterina i la Ribera",1,Ciutat Vella,8010,BARCELONA,Hotels 4 estr.,431100.1686,4582252.229,41.3888504,2.175895414
﻿99400467734,Hotel H10 Casa Mimosa - HB-004739,HB-004739,90,247659,C Pau Claris,179,,7,la Dreta de l'Eixample,2,Eixample,8037,BARCELONA,Hotels 4 estr.,429966.0675,4583093.086,41.39632576,2.162234681
﻿99400355819,Hotel Brustar Centric - HB-004505,HB-004505,16,309406,Rda Sant Pere,60,,7,la Dreta de l'Eixample,2,Eixample,8010,BARCELONA,Hotels 2 estr.,431283.3648,4582467.67,41.39080648,2.17806195
﻿99400233630,Hotel AC Sants - HB-004335,HB-004335,140,296406,Pg Sant Antoni,36,,18,Sants,3,Sants-Montjuïc,8014,BARCELONA,Hotels 4 estr.,427982.3832,4581025.684,41.37753027,2.138753604
﻿99400233894,Hotel Novotel Barcelona City - HB-004414,HB-004414,528,144601,Av Diagonal,199,,66,el Parc i la Llacuna del Poblenou,10,Sant Martí,8018,BARCELONA,Hotels 4 estr.,432387.6168,4583934.718,41.40411335,2.191105111
﻿99400103517,Hotel Ilunion Auditori - HB-004283,HB-004283,216,325005,C Sicília,166,,5,el Fort Pienc,2,Eixample,8013,BARCELONA,Hotels 3 estr.,431550.4681,4583033.032,41.3959213,2.18119263
﻿99400103560,Hotel del Mar - HB-002726,HB-002726,142,240707,Pla Palau,19,,4,"Sant Pere, Santa Caterina i la Ribera",1,Ciutat Vella,8003,BARCELONA,Hotels 3 estr.,431774.2852,4581496.229,41.38209877,2.184042806
﻿99400103757,Hotel Nuevo Triunfo - HB-004090,HB-004090,56,52900,C Cabanes,34,,11,el Poble-sec,3,Sants-Montjuïc,8004,BARCELONA,Hotels 2 estr.,430589.299,4580519.249,41.37319805,2.169984058
﻿99400346468,Hotel Room Mate Emma - HB-004428,HB-004428,112,289105,C Rosselló,205,,8,l'Antiga Esquerra de l'Eixample,2,Eixample,8008,BARCELONA,Hotels 3 estr.,429474.3593,4582700.239,41.39274455,2.156399092
﻿99400207435,Hotel Ciutat Vella - HB-004398,HB-004398,75,329800,C Tallers,66,,1,el Raval,1,Ciutat Vella,8001,BARCELONA,Hotels 3 estr.,430315.9103,4581836.663,41.38503997,2.16656372
﻿99400103108,Hotel Soho - HB-004412,HB-004412,102,169409,G.V. Corts Catalanes,543,,8,l'Antiga Esquerra de l'Eixample,2,Eixample,8011,BARCELONA,Hotels 3 estr.,429757.6928,4581668.89,41.38348034,2.159907458
﻿99400103102,B-Hotel - HB-004319,HB-004319,168,169409,G.V. Corts Catalanes,389,,9,la Nova Esquerra de l'Eixample,2,Eixample,8015,BARCELONA,Hotels 3 estr.,428968.7926,4580905.267,41.37653339,2.150562765
﻿99400164659,Hotel Pestana Arena Barcelona - HB-004345,HB-004345,168,89004,C Consell de Cent,51,,15,Hostafrancs,3,Sants-Montjuïc,8014,BARCELONA,Hotels 4 estr.,428591.3743,4580938.029,41.37679506,2.146045972
﻿99400141127,Hotel chic&basic Born Boutique - HB-004452,HB-004452,55,266904,C Princesa,50,,4,"Sant Pere, Santa Caterina i la Ribera",1,Ciutat Vella,8003,BARCELONA,Hotels 3 estr.,431653.5893,4582023.561,41.38683806,2.182539978
﻿99400107561,Hotel Hilton Diagonal Mar - HB-004202,HB-004202,862,701278,Passeig del Taulat,262,264,69,Diagonal Mar i el Front Marítim del Poblenou,10,Sant Martí,8019,Barcelona,Hotels 4 estr.,434671.3765,4584375.422,41.40827149,2.218377295
﻿139120246,Hotel Silken Sant Gervasi - HB-004054,HB-004054,124,302203,C Sant Gervasi de Cassoles,26,,25,Sant Gervasi - la Bonanova,5,Sarrià-Sant Gervasi,8022,BARCELONA,Hotels 3 estr.,428020.1022,4584043.072,41.40471007,2.138846043
﻿75990173005,Hotel Cortes - HB-000319,HB-000319,72,313006,C Santa Anna,25,,2,el Barri Gòtic,1,Ciutat Vella,8002,BARCELONA,Hotels 2 estr.,430743.0722,4581885.922,41.38552051,2.17166652
﻿75990173007,Hotel Moderno - HB-000041,HB-000041,86,157909,C Hospital,11,,1,el Raval,1,Ciutat Vella,8001,BARCELONA,Hotels 3 estr.,430826.5095,4581390.904,41.38106921,2.172720868
﻿99400677682,Hotel Boutique Mirlo Barcelona  - HB-004948,HB-004948,32,101008,Avinguda del Tibidabo,32,32,25,Sant Gervasi - la Bonanova,5,Sarrià-Sant Gervasi,8022,Barcelona,Hotels 5 estr.,427690.8245,4585031.525,41.41358309,2.134788944
﻿99400310250,Hotel Ibis Barcelona Centro (Sagrada Familia) - HB-004593,HB-004593,155,225500,C Nàpols,230,,6,la Sagrada Família,2,Eixample,8013,BARCELONA,Hotels 2 estr.,430828.329,4583580.507,41.40079044,2.172492567
﻿99400069138,Hotel Evenia Rocafort - HB-004197,HB-004197,79,285807,C Rocafort,25,,10,Sant Antoni,2,Eixample,8015,BARCELONA,Hotels 3 estr.,429522.2713,4580869.955,41.37626401,2.157185038
﻿75990176007,Hotel Catalonia Barcelona 505 - HB-003795,HB-003795,192,223606,C Muntaner,505,,25,Sant Gervasi - la Bonanova,5,Sarrià-Sant Gervasi,8022,BARCELONA,Hotels 4 estr.,427886.1135,4583885.705,41.40328072,2.137261951
﻿99400118763,Grand Hotel Central Barcelona- HB-004280,HB-004280,272,177101,Via Laietana,30,,4,"Sant Pere, Santa Caterina i la Ribera",1,Ciutat Vella,8003,BARCELONA,Hotels 5 estr.,431244.3513,4581817.392,41.38494628,2.177669151
﻿75990698147,Hotel Tres Torres Atiram - HB-004075,HB-004075,108,54906,C Calatrava,32,,24,les Tres Torres,5,Sarrià-Sant Gervasi,8017,BARCELONA,Hotels 3 estr.,427275.1255,4583519.905,41.39993109,2.129997116
﻿75990110883,Gallery Hotel - HB-003915,HB-003915,215,289105,C Rosselló,249,,7,la Dreta de l'Eixample,2,Eixample,8008,BARCELONA,Hotels 4 estr.,429722.1799,4582945.277,41.39497322,2.159334685
﻿99400195629,Hotel Onix Liceo - HB-004333,HB-004333,83,86902,C Nou de la Rambla,36,,1,el Raval,1,Ciutat Vella,8001,BARCELONA,Hotels 4 estr.,430853.9453,4581056.45,41.37805925,2.173087112
﻿99400075766,Hotel Barcelona Princess - HB-004302,HB-004302,728,144601,Avinguda Diagonal,1,1,69,Diagonal Mar i el Front Marítim del Poblenou,10,Sant Martí,8019,Barcelona,Hotels 4 estr.,434690.5213,4584678.69,41.41100451,2.218573601
﻿2064132731,Hotel Actual - HB-004290,HB-004290,70,289105,C Rosselló,238,,7,la Dreta de l'Eixample,2,Eixample,8008,BARCELONA,Hotels 3 estr.,429872.9724,4583063.299,41.39604937,2.161124616
﻿75990100229,Hotel Turín - HB-002532,HB-002532,100,256605,C Pintor Fortuny,9,,1,el Raval,1,Ciutat Vella,8001,BARCELONA,Hotels 3 estr.,430616.1015,4581618.515,41.38310113,2.170178688
﻿99400073255,Hotel Onix Rambla - HB-004162,HB-004162,80,74506,Rbla Catalunya,24,,7,la Dreta de l'Eixample,2,Eixample,8007,BARCELONA,Hotels 3 estr.,430301.4804,4582299.353,41.38920601,2.16633792
﻿99400173193,Hotel Barcelona Catedral - HB-004271,HB-004271,160,62303,C Capellans,4,,2,el Barri Gòtic,1,Ciutat Vella,8002,BARCELONA,Hotels 4 estr.,431025.8575,4581804.915,41.3848152,2.175057601
﻿75990024885,Hotel Arc La Rambla - HB-003885,HB-003885,172,34308,C Rambla,19,,1,el Raval,1,Ciutat Vella,8002,BARCELONA,Hotels 3 estr.,431062.9622,4581066.519,41.37816787,2.175585338
﻿99400298325,Hotel Andante - HB-004488,HB-004488,253,140203,Av Drassanes,23,,1,el Raval,1,Ciutat Vella,8001,BARCELONA,Hotels 3 estr.,430813.5737,4580906.327,41.37670367,2.172621496
﻿99400298334,Hotel Room Mate Pau - HB-004531,HB-004531,129,130403,C Fontanella,5,,7,la Dreta de l'Eixample,2,Eixample,8010,BARCELONA,Hotels 3 estr.,430751.3651,4582102.478,41.38747168,2.171740942
﻿99400153356,Hotel Eurostars Anglí - HB-004300,HB-004300,96,16907,C Anglí,60,,23,Sarrià,5,Sarrià-Sant Gervasi,8017,BARCELONA,Hotels 4 estr.,426704.979,4583880.657,41.40312844,2.123133576
﻿99400103558,Hotel Medinaceli - HB-004353,HB-004353,147,106205,Pl Duc de Medinaceli,8,,2,el Barri Gòtic,1,Ciutat Vella,8002,BARCELONA,Hotels 4 estr.,431320.2987,4581068.045,41.37820362,2.178662336
﻿99400169128,Hotel Sofitel Barcelona Skipper - HB-004318,HB-004318,482,700654,Av Litoral,10,,3,la Barceloneta,1,Ciutat Vella,8005,BARCELONA,Hotels 5 estr.,432674.1344,4581927.103,41.38605535,2.194755803
﻿99400035570,Hotel Catalonia Eixample 1864 - HB-004249,HB-004249,242,176801,C Roger de Llúria,60,,7,la Dreta de l'Eixample,2,Eixample,8009,BARCELONA,Hotels 4 estr.,430482.4535,4582787.36,41.393617,2.168446304
﻿99400752526,Hotel ByPillow House - HB-004518,HB-004518,10,290807,Carrer de Rubió i Ors,3,3,35,el Guinardó,7,Horta-Guinardó,8041,Barcelona,Hotels 1 estr.,431379.233,4585811.498,41.42093144,2.178829422
﻿99400765675,Hotel EasyHotel Barcelona La Sagrera- HB-005081,HB-005081,150,43900,Carrer dels Bofarull,4,6,63,Navas,9,Sant Andreu,8027,Barcelona,Hotels 1 estr.,432125.697,4585149.086,41.41502871,2.187835669
﻿75990408059,Gran Hotel Barcino - HB-003969,HB-003969,116,164802,C Jaume I,6,,2,el Barri Gòtic,1,Ciutat Vella,8002,BARCELONA,Hotels 4 estr.,431252.4333,4581617.405,41.38314575,2.177788494
